Ticket ID,Call Started,Call Ended,Turn,Full String,Total,EOU,LLM,TTS
3527,"Nov 21, 10:05 AM","Nov 21, 10:06 AM",1,"7.472 (EOU: 6.001, LLM: 1.261, TTS: 0.210)",7.472,6.001,1.261,0.21
3527,"Nov 21, 10:05 AM","Nov 21, 10:06 AM",2,"7.472 (EOU: 6.001, LLM: 1.261, TTS: 0.210)",7.472,6.001,1.261,0.21
3526,"Nov 21, 9:23 AM","Nov 21, 9:25 AM",1,"2.156 (EOU: 0.589, LLM: 1.336, TTS: 0.230)",2.156,0.589,1.336,0.23
3526,"Nov 21, 9:23 AM","Nov 21, 9:25 AM",2,"2.162 (EOU: 0.597, LLM: 1.352, TTS: 0.213)",2.162,0.597,1.352,0.213
3526,"Nov 21, 9:23 AM","Nov 21, 9:25 AM",3,"1.871 (EOU: 0.593, LLM: 1.040, TTS: 0.237)",1.871,0.593,1.04,0.237
3526,"Nov 21, 9:23 AM","Nov 21, 9:25 AM",4,"2.753 (EOU: 1.356, LLM: 1.136, TTS: 0.261)",2.753,1.356,1.136,0.261
3526,"Nov 21, 9:23 AM","Nov 21, 9:25 AM",5,"7.148 (EOU: 6.001, LLM: 0.931, TTS: 0.216)",7.148,6.001,0.931,0.216
3526,"Nov 21, 9:23 AM","Nov 21, 9:25 AM",6,"2.156 (EOU: 0.589, LLM: 1.336, TTS: 0.230)",2.156,0.589,1.336,0.23
3526,"Nov 21, 9:23 AM","Nov 21, 9:25 AM",7,"2.162 (EOU: 0.597, LLM: 1.352, TTS: 0.213)",2.162,0.597,1.352,0.213
3526,"Nov 21, 9:23 AM","Nov 21, 9:25 AM",8,"1.871 (EOU: 0.593, LLM: 1.040, TTS: 0.237)",1.871,0.593,1.04,0.237
3526,"Nov 21, 9:23 AM","Nov 21, 9:25 AM",9,"2.753 (EOU: 1.356, LLM: 1.136, TTS: 0.261)",2.753,1.356,1.136,0.261
3526,"Nov 21, 9:23 AM","Nov 21, 9:25 AM",10,"7.148 (EOU: 6.001, LLM: 0.931, TTS: 0.216)",7.148,6.001,0.931,0.216
3521,"Nov 21, 9:01 AM","Nov 21, 9:02 AM",1,"2.050 (EOU: 0.599, LLM: 1.223, TTS: 0.228)",2.05,0.599,1.223,0.228
3521,"Nov 21, 9:01 AM","Nov 21, 9:02 AM",2,"1.899 (EOU: 0.601, LLM: 1.083, TTS: 0.216)",1.899,0.601,1.083,0.216
3521,"Nov 21, 9:01 AM","Nov 21, 9:02 AM",3,"2.000 (EOU: 0.726, LLM: 0.994, TTS: 0.280)",2.0,0.726,0.994,0.28
3521,"Nov 21, 9:01 AM","Nov 21, 9:02 AM",4,"2.050 (EOU: 0.599, LLM: 1.223, TTS: 0.228)",2.05,0.599,1.223,0.228
3521,"Nov 21, 9:01 AM","Nov 21, 9:02 AM",5,"1.899 (EOU: 0.601, LLM: 1.083, TTS: 0.216)",1.899,0.601,1.083,0.216
3521,"Nov 21, 9:01 AM","Nov 21, 9:02 AM",6,"2.000 (EOU: 0.726, LLM: 0.994, TTS: 0.280)",2.0,0.726,0.994,0.28
3520,"Nov 21, 8:59 AM","Nov 21, 9:00 AM",1,"11.814 (EOU: 10.343, LLM: 1.246, TTS: 0.225)",11.814,10.343,1.246,0.225
3520,"Nov 21, 8:59 AM","Nov 21, 9:00 AM",2,"9.246 (EOU: 7.708, LLM: 1.318, TTS: 0.220)",9.246,7.708,1.318,0.22
3520,"Nov 21, 8:59 AM","Nov 21, 9:00 AM",3,"15.611 (EOU: 14.372, LLM: 1.022, TTS: 0.217)",15.611,14.372,1.022,0.217
3520,"Nov 21, 8:59 AM","Nov 21, 9:00 AM",4,"11.814 (EOU: 10.343, LLM: 1.246, TTS: 0.225)",11.814,10.343,1.246,0.225
3520,"Nov 21, 8:59 AM","Nov 21, 9:00 AM",5,"9.246 (EOU: 7.708, LLM: 1.318, TTS: 0.220)",9.246,7.708,1.318,0.22
3520,"Nov 21, 8:59 AM","Nov 21, 9:00 AM",6,"15.611 (EOU: 14.372, LLM: 1.022, TTS: 0.217)",15.611,14.372,1.022,0.217
3517,"Nov 21, 8:29 AM","Nov 21, 8:30 AM",1,"1.759 (EOU: 0.598, LLM: 0.932, TTS: 0.229)",1.759,0.598,0.932,0.229
3517,"Nov 21, 8:29 AM","Nov 21, 8:30 AM",2,"1.962 (EOU: 0.606, LLM: 1.141, TTS: 0.215)",1.962,0.606,1.141,0.215
3517,"Nov 21, 8:29 AM","Nov 21, 8:30 AM",3,"1.759 (EOU: 0.598, LLM: 0.932, TTS: 0.229)",1.759,0.598,0.932,0.229
3517,"Nov 21, 8:29 AM","Nov 21, 8:30 AM",4,"1.962 (EOU: 0.606, LLM: 1.141, TTS: 0.215)",1.962,0.606,1.141,0.215
3516,"Nov 21, 8:08 AM","Nov 21, 8:09 AM",1,"2.750 (EOU: 0.986, LLM: 1.549, TTS: 0.215)",2.75,0.986,1.549,0.215
3516,"Nov 21, 8:08 AM","Nov 21, 8:09 AM",2,"2.750 (EOU: 0.986, LLM: 1.549, TTS: 0.215)",2.75,0.986,1.549,0.215
3515,"Nov 21, 8:06 AM","Nov 21, 8:07 AM",1,"2.218 (EOU: 0.911, LLM: 1.088, TTS: 0.219)",2.218,0.911,1.088,0.219
3515,"Nov 21, 8:06 AM","Nov 21, 8:07 AM",2,"1.866 (EOU: 0.598, LLM: 1.052, TTS: 0.216)",1.866,0.598,1.052,0.216
3515,"Nov 21, 8:06 AM","Nov 21, 8:07 AM",3,"2.218 (EOU: 0.911, LLM: 1.088, TTS: 0.219)",2.218,0.911,1.088,0.219
3515,"Nov 21, 8:06 AM","Nov 21, 8:07 AM",4,"1.866 (EOU: 0.598, LLM: 1.052, TTS: 0.216)",1.866,0.598,1.052,0.216
3514,"Nov 21, 8:05 AM","Nov 21, 8:06 AM",1,"2.614 (EOU: 1.049, LLM: 1.334, TTS: 0.231)",2.614,1.049,1.334,0.231
3514,"Nov 21, 8:05 AM","Nov 21, 8:06 AM",2,"2.614 (EOU: 1.049, LLM: 1.334, TTS: 0.231)",2.614,1.049,1.334,0.231
3514,"Nov 21, 8:05 AM","Nov 21, 8:06 AM",1,"2.614 (EOU: 1.049, LLM: 1.334, TTS: 0.231)",2.614,1.049,1.334,0.231
3514,"Nov 21, 8:05 AM","Nov 21, 8:06 AM",2,"2.614 (EOU: 1.049, LLM: 1.334, TTS: 0.231)",2.614,1.049,1.334,0.231
3509,"Nov 21, 7:24 AM","Nov 21, 7:25 AM",1,"3.445 (EOU: 2.265, LLM: 0.961, TTS: 0.219)",3.445,2.265,0.961,0.219
3509,"Nov 21, 7:24 AM","Nov 21, 7:25 AM",2,"7.567 (EOU: 6.002, LLM: 1.342, TTS: 0.224)",7.567,6.002,1.342,0.224
3509,"Nov 21, 7:24 AM","Nov 21, 7:25 AM",3,"2.845 (EOU: 1.681, LLM: 0.949, TTS: 0.215)",2.845,1.681,0.949,0.215
3509,"Nov 21, 7:24 AM","Nov 21, 7:25 AM",4,"5.604 (EOU: 3.934, LLM: 1.441, TTS: 0.228)",5.604,3.934,1.441,0.228
3509,"Nov 21, 7:24 AM","Nov 21, 7:25 AM",5,"12.584 (EOU: 10.973, LLM: 1.391, TTS: 0.220)",12.584,10.973,1.391,0.22
3509,"Nov 21, 7:24 AM","Nov 21, 7:25 AM",6,"3.445 (EOU: 2.265, LLM: 0.961, TTS: 0.219)",3.445,2.265,0.961,0.219
3509,"Nov 21, 7:24 AM","Nov 21, 7:25 AM",7,"7.567 (EOU: 6.002, LLM: 1.342, TTS: 0.224)",7.567,6.002,1.342,0.224
3509,"Nov 21, 7:24 AM","Nov 21, 7:25 AM",8,"2.845 (EOU: 1.681, LLM: 0.949, TTS: 0.215)",2.845,1.681,0.949,0.215
3509,"Nov 21, 7:24 AM","Nov 21, 7:25 AM",9,"5.604 (EOU: 3.934, LLM: 1.441, TTS: 0.228)",5.604,3.934,1.441,0.228
3509,"Nov 21, 7:24 AM","Nov 21, 7:25 AM",10,"12.584 (EOU: 10.973, LLM: 1.391, TTS: 0.220)",12.584,10.973,1.391,0.22
3508,"Nov 20, 6:50 PM","Nov 20, 6:51 PM",1,"1.889 (EOU: 0.627, LLM: 1.046, TTS: 0.216)",1.889,0.627,1.046,0.216
3508,"Nov 20, 6:50 PM","Nov 20, 6:51 PM",2,"1.767 (EOU: 0.602, LLM: 0.942, TTS: 0.223)",1.767,0.602,0.942,0.223
3508,"Nov 20, 6:50 PM","Nov 20, 6:51 PM",3,"1.971 (EOU: 0.604, LLM: 1.144, TTS: 0.223)",1.971,0.604,1.144,0.223
3505,"Nov 20, 4:05 PM","Nov 20, 4:06 PM",1,"2.292 (EOU: 0.602, LLM: 1.452, TTS: 0.238)",2.292,0.602,1.452,0.238
3505,"Nov 20, 4:05 PM","Nov 20, 4:06 PM",2,"2.368 (EOU: 0.625, LLM: 1.506, TTS: 0.237)",2.368,0.625,1.506,0.237
3505,"Nov 20, 4:05 PM","Nov 20, 4:06 PM",3,"2.292 (EOU: 0.602, LLM: 1.452, TTS: 0.238)",2.292,0.602,1.452,0.238
3505,"Nov 20, 4:05 PM","Nov 20, 4:06 PM",4,"2.368 (EOU: 0.625, LLM: 1.506, TTS: 0.237)",2.368,0.625,1.506,0.237
3480,"Nov 20, 12:01 PM","Nov 20, 12:04 PM",1,"1.832 (EOU: 0.589, LLM: 1.007, TTS: 0.236)",1.832,0.589,1.007,0.236
3480,"Nov 20, 12:01 PM","Nov 20, 12:04 PM",2,"7.216 (EOU: 6.000, LLM: 0.991, TTS: 0.224)",7.216,6.0,0.991,0.224
3480,"Nov 20, 12:01 PM","Nov 20, 12:04 PM",3,"3.355 (EOU: 0.619, LLM: 2.518, TTS: 0.217)",3.355,0.619,2.518,0.217
3480,"Nov 20, 12:01 PM","Nov 20, 12:04 PM",4,"3.101 (EOU: 0.605, LLM: 2.267, TTS: 0.229)",3.101,0.605,2.267,0.229
3480,"Nov 20, 12:01 PM","Nov 20, 12:04 PM",5,"2.832 (EOU: 0.602, LLM: 1.951, TTS: 0.279)",2.832,0.602,1.951,0.279
3480,"Nov 20, 12:01 PM","Nov 20, 12:04 PM",6,"4.466 (EOU: 0.650, LLM: 3.591, TTS: 0.224)",4.466,0.65,3.591,0.224
3480,"Nov 20, 12:01 PM","Nov 20, 12:04 PM",7,"3.031 (EOU: 0.619, LLM: 2.197, TTS: 0.215)",3.031,0.619,2.197,0.215
3480,"Nov 20, 12:01 PM","Nov 20, 12:04 PM",8,"3.492 (EOU: 0.611, LLM: 2.619, TTS: 0.262)",3.492,0.611,2.619,0.262
3480,"Nov 20, 12:01 PM","Nov 20, 12:04 PM",9,"2.082 (EOU: 0.609, LLM: 1.263, TTS: 0.210)",2.082,0.609,1.263,0.21
3480,"Nov 20, 12:01 PM","Nov 20, 12:04 PM",10,"2.146 (EOU: 0.607, LLM: 1.326, TTS: 0.212)",2.146,0.607,1.326,0.212
3480,"Nov 20, 12:01 PM","Nov 20, 12:04 PM",11,"4.328 (EOU: 0.654, LLM: 3.436, TTS: 0.239)",4.328,0.654,3.436,0.239
3480,"Nov 20, 12:01 PM","Nov 20, 12:04 PM",12,"5.364 (EOU: 0.600, LLM: 4.540, TTS: 0.223)",5.364,0.6,4.54,0.223
3480,"Nov 20, 12:01 PM","Nov 20, 12:04 PM",13,"3.653 (EOU: 0.612, LLM: 2.768, TTS: 0.273)",3.653,0.612,2.768,0.273
3480,"Nov 20, 12:01 PM","Nov 20, 12:04 PM",14,"7.775 (EOU: 0.607, LLM: 6.860, TTS: 0.307)",7.775,0.607,6.86,0.307
3480,"Nov 20, 12:01 PM","Nov 20, 12:04 PM",15,"3.017 (EOU: 0.637, LLM: 2.138, TTS: 0.242)",3.017,0.637,2.138,0.242
3480,"Nov 20, 12:01 PM","Nov 20, 12:04 PM",16,"4.337 (EOU: 0.633, LLM: 3.427, TTS: 0.277)",4.337,0.633,3.427,0.277
3480,"Nov 20, 12:01 PM","Nov 20, 12:04 PM",17,"1.832 (EOU: 0.589, LLM: 1.007, TTS: 0.236)",1.832,0.589,1.007,0.236
3480,"Nov 20, 12:01 PM","Nov 20, 12:04 PM",18,"7.216 (EOU: 6.000, LLM: 0.991, TTS: 0.224)",7.216,6.0,0.991,0.224
3480,"Nov 20, 12:01 PM","Nov 20, 12:04 PM",19,"3.355 (EOU: 0.619, LLM: 2.518, TTS: 0.217)",3.355,0.619,2.518,0.217
3480,"Nov 20, 12:01 PM","Nov 20, 12:04 PM",20,"3.101 (EOU: 0.605, LLM: 2.267, TTS: 0.229)",3.101,0.605,2.267,0.229
3480,"Nov 20, 12:01 PM","Nov 20, 12:04 PM",21,"2.832 (EOU: 0.602, LLM: 1.951, TTS: 0.279)",2.832,0.602,1.951,0.279
3480,"Nov 20, 12:01 PM","Nov 20, 12:04 PM",22,"4.466 (EOU: 0.650, LLM: 3.591, TTS: 0.224)",4.466,0.65,3.591,0.224
3480,"Nov 20, 12:01 PM","Nov 20, 12:04 PM",23,"3.031 (EOU: 0.619, LLM: 2.197, TTS: 0.215)",3.031,0.619,2.197,0.215
3480,"Nov 20, 12:01 PM","Nov 20, 12:04 PM",24,"3.492 (EOU: 0.611, LLM: 2.619, TTS: 0.262)",3.492,0.611,2.619,0.262
3480,"Nov 20, 12:01 PM","Nov 20, 12:04 PM",25,"2.082 (EOU: 0.609, LLM: 1.263, TTS: 0.210)",2.082,0.609,1.263,0.21
3480,"Nov 20, 12:01 PM","Nov 20, 12:04 PM",26,"2.146 (EOU: 0.607, LLM: 1.326, TTS: 0.212)",2.146,0.607,1.326,0.212
3480,"Nov 20, 12:01 PM","Nov 20, 12:04 PM",27,"4.328 (EOU: 0.654, LLM: 3.436, TTS: 0.239)",4.328,0.654,3.436,0.239
3480,"Nov 20, 12:01 PM","Nov 20, 12:04 PM",28,"5.364 (EOU: 0.600, LLM: 4.540, TTS: 0.223)",5.364,0.6,4.54,0.223
3480,"Nov 20, 12:01 PM","Nov 20, 12:04 PM",29,"3.653 (EOU: 0.612, LLM: 2.768, TTS: 0.273)",3.653,0.612,2.768,0.273
3480,"Nov 20, 12:01 PM","Nov 20, 12:04 PM",30,"7.775 (EOU: 0.607, LLM: 6.860, TTS: 0.307)",7.775,0.607,6.86,0.307
3480,"Nov 20, 12:01 PM","Nov 20, 12:04 PM",31,"3.017 (EOU: 0.637, LLM: 2.138, TTS: 0.242)",3.017,0.637,2.138,0.242
3480,"Nov 20, 12:01 PM","Nov 20, 12:04 PM",32,"4.337 (EOU: 0.633, LLM: 3.427, TTS: 0.277)",4.337,0.633,3.427,0.277
3476,"Nov 20, 11:37 AM","Nov 20, 11:38 AM",1,"1.941 (EOU: 0.602, LLM: 1.108, TTS: 0.231)",1.941,0.602,1.108,0.231
3476,"Nov 20, 11:37 AM","Nov 20, 11:38 AM",2,"2.359 (EOU: 0.668, LLM: 1.471, TTS: 0.221)",2.359,0.668,1.471,0.221
3476,"Nov 20, 11:37 AM","Nov 20, 11:38 AM",3,"5.099 (EOU: 0.621, LLM: 4.237, TTS: 0.241)",5.099,0.621,4.237,0.241
3476,"Nov 20, 11:37 AM","Nov 20, 11:38 AM",4,"1.941 (EOU: 0.602, LLM: 1.108, TTS: 0.231)",1.941,0.602,1.108,0.231
3476,"Nov 20, 11:37 AM","Nov 20, 11:38 AM",5,"2.359 (EOU: 0.668, LLM: 1.471, TTS: 0.221)",2.359,0.668,1.471,0.221
3476,"Nov 20, 11:37 AM","Nov 20, 11:38 AM",6,"5.099 (EOU: 0.621, LLM: 4.237, TTS: 0.241)",5.099,0.621,4.237,0.241
3473,"Nov 20, 11:35 AM","Nov 20, 11:36 AM",1,"2.147 (EOU: 0.588, LLM: 1.343, TTS: 0.216)",2.147,0.588,1.343,0.216
3473,"Nov 20, 11:35 AM","Nov 20, 11:36 AM",2,"1.765 (EOU: 0.605, LLM: 0.940, TTS: 0.220)",1.765,0.605,0.94,0.22
3473,"Nov 20, 11:35 AM","Nov 20, 11:36 AM",3,"1.853 (EOU: 0.610, LLM: 0.996, TTS: 0.248)",1.853,0.61,0.996,0.248
3473,"Nov 20, 11:35 AM","Nov 20, 11:36 AM",4,"2.149 (EOU: 0.645, LLM: 1.284, TTS: 0.220)",2.149,0.645,1.284,0.22
3473,"Nov 20, 11:35 AM","Nov 20, 11:36 AM",5,"1.829 (EOU: 0.636, LLM: 0.965, TTS: 0.227)",1.829,0.636,0.965,0.227
3473,"Nov 20, 11:35 AM","Nov 20, 11:36 AM",6,"2.430 (EOU: 0.598, LLM: 1.607, TTS: 0.225)",2.43,0.598,1.607,0.225
3473,"Nov 20, 11:35 AM","Nov 20, 11:36 AM",7,"2.147 (EOU: 0.588, LLM: 1.343, TTS: 0.216)",2.147,0.588,1.343,0.216
3473,"Nov 20, 11:35 AM","Nov 20, 11:36 AM",8,"1.765 (EOU: 0.605, LLM: 0.940, TTS: 0.220)",1.765,0.605,0.94,0.22
3473,"Nov 20, 11:35 AM","Nov 20, 11:36 AM",9,"1.853 (EOU: 0.610, LLM: 0.996, TTS: 0.248)",1.853,0.61,0.996,0.248
3473,"Nov 20, 11:35 AM","Nov 20, 11:36 AM",10,"2.149 (EOU: 0.645, LLM: 1.284, TTS: 0.220)",2.149,0.645,1.284,0.22
3473,"Nov 20, 11:35 AM","Nov 20, 11:36 AM",11,"1.829 (EOU: 0.636, LLM: 0.965, TTS: 0.227)",1.829,0.636,0.965,0.227
3473,"Nov 20, 11:35 AM","Nov 20, 11:36 AM",12,"2.430 (EOU: 0.598, LLM: 1.607, TTS: 0.225)",2.43,0.598,1.607,0.225
3472,"Nov 20, 11:22 AM","Nov 20, 11:29 AM",1,"1.992 (EOU: 0.592, LLM: 1.175, TTS: 0.224)",1.992,0.592,1.175,0.224
3472,"Nov 20, 11:22 AM","Nov 20, 11:29 AM",2,"2.010 (EOU: 0.607, LLM: 1.173, TTS: 0.231)",2.01,0.607,1.173,0.231
3472,"Nov 20, 11:22 AM","Nov 20, 11:29 AM",3,"1.940 (EOU: 0.600, LLM: 1.109, TTS: 0.231)",1.94,0.6,1.109,0.231
3472,"Nov 20, 11:22 AM","Nov 20, 11:29 AM",4,"3.343 (EOU: 0.607, LLM: 2.512, TTS: 0.224)",3.343,0.607,2.512,0.224
3472,"Nov 20, 11:22 AM","Nov 20, 11:29 AM",5,"2.024 (EOU: 0.595, LLM: 1.193, TTS: 0.236)",2.024,0.595,1.193,0.236
3472,"Nov 20, 11:22 AM","Nov 20, 11:29 AM",6,"1.842 (EOU: 0.603, LLM: 1.015, TTS: 0.224)",1.842,0.603,1.015,0.224
3472,"Nov 20, 11:22 AM","Nov 20, 11:29 AM",7,"1.885 (EOU: 0.640, LLM: 1.028, TTS: 0.218)",1.885,0.64,1.028,0.218
3472,"Nov 20, 11:22 AM","Nov 20, 11:29 AM",8,"3.567 (EOU: 0.633, LLM: 2.656, TTS: 0.278)",3.567,0.633,2.656,0.278
3472,"Nov 20, 11:22 AM","Nov 20, 11:29 AM",9,"2.245 (EOU: 0.600, LLM: 1.404, TTS: 0.241)",2.245,0.6,1.404,0.241
3472,"Nov 20, 11:22 AM","Nov 20, 11:29 AM",10,"4.920 (EOU: 0.621, LLM: 4.064, TTS: 0.235)",4.92,0.621,4.064,0.235
3472,"Nov 20, 11:22 AM","Nov 20, 11:29 AM",11,"2.378 (EOU: 0.726, LLM: 1.430, TTS: 0.222)",2.378,0.726,1.43,0.222
3472,"Nov 20, 11:22 AM","Nov 20, 11:29 AM",12,"2.144 (EOU: 0.610, LLM: 1.298, TTS: 0.236)",2.144,0.61,1.298,0.236
3472,"Nov 20, 11:22 AM","Nov 20, 11:29 AM",13,"8.178 (EOU: 6.001, LLM: 1.952, TTS: 0.225)",8.178,6.001,1.952,0.225
3472,"Nov 20, 11:22 AM","Nov 20, 11:29 AM",14,"2.186 (EOU: 0.594, LLM: 1.373, TTS: 0.219)",2.186,0.594,1.373,0.219
3472,"Nov 20, 11:22 AM","Nov 20, 11:29 AM",15,"3.893 (EOU: 0.602, LLM: 3.076, TTS: 0.215)",3.893,0.602,3.076,0.215
3472,"Nov 20, 11:22 AM","Nov 20, 11:29 AM",16,"2.122 (EOU: 0.606, LLM: 1.304, TTS: 0.212)",2.122,0.606,1.304,0.212
3472,"Nov 20, 11:22 AM","Nov 20, 11:29 AM",17,"2.128 (EOU: 0.610, LLM: 1.266, TTS: 0.251)",2.128,0.61,1.266,0.251
3472,"Nov 20, 11:22 AM","Nov 20, 11:29 AM",18,"2.314 (EOU: 0.599, LLM: 1.475, TTS: 0.240)",2.314,0.599,1.475,0.24
3472,"Nov 20, 11:22 AM","Nov 20, 11:29 AM",19,"3.764 (EOU: 0.608, LLM: 2.926, TTS: 0.230)",3.764,0.608,2.926,0.23
3472,"Nov 20, 11:22 AM","Nov 20, 11:29 AM",20,"2.080 (EOU: 0.605, LLM: 1.251, TTS: 0.223)",2.08,0.605,1.251,0.223
3472,"Nov 20, 11:22 AM","Nov 20, 11:29 AM",21,"3.312 (EOU: 0.601, LLM: 2.472, TTS: 0.239)",3.312,0.601,2.472,0.239
3472,"Nov 20, 11:22 AM","Nov 20, 11:29 AM",22,"2.984 (EOU: 0.606, LLM: 2.162, TTS: 0.216)",2.984,0.606,2.162,0.216
3472,"Nov 20, 11:22 AM","Nov 20, 11:29 AM",23,"5.499 (EOU: 0.595, LLM: 4.638, TTS: 0.266)",5.499,0.595,4.638,0.266
3472,"Nov 20, 11:22 AM","Nov 20, 11:29 AM",24,"3.379 (EOU: 0.597, LLM: 2.526, TTS: 0.256)",3.379,0.597,2.526,0.256
3472,"Nov 20, 11:22 AM","Nov 20, 11:29 AM",25,"1.992 (EOU: 0.592, LLM: 1.175, TTS: 0.224)",1.992,0.592,1.175,0.224
3472,"Nov 20, 11:22 AM","Nov 20, 11:29 AM",26,"2.010 (EOU: 0.607, LLM: 1.173, TTS: 0.231)",2.01,0.607,1.173,0.231
3472,"Nov 20, 11:22 AM","Nov 20, 11:29 AM",27,"1.940 (EOU: 0.600, LLM: 1.109, TTS: 0.231)",1.94,0.6,1.109,0.231
3472,"Nov 20, 11:22 AM","Nov 20, 11:29 AM",28,"3.343 (EOU: 0.607, LLM: 2.512, TTS: 0.224)",3.343,0.607,2.512,0.224
3472,"Nov 20, 11:22 AM","Nov 20, 11:29 AM",29,"2.024 (EOU: 0.595, LLM: 1.193, TTS: 0.236)",2.024,0.595,1.193,0.236
3472,"Nov 20, 11:22 AM","Nov 20, 11:29 AM",30,"1.842 (EOU: 0.603, LLM: 1.015, TTS: 0.224)",1.842,0.603,1.015,0.224
3472,"Nov 20, 11:22 AM","Nov 20, 11:29 AM",31,"1.885 (EOU: 0.640, LLM: 1.028, TTS: 0.218)",1.885,0.64,1.028,0.218
3472,"Nov 20, 11:22 AM","Nov 20, 11:29 AM",32,"3.567 (EOU: 0.633, LLM: 2.656, TTS: 0.278)",3.567,0.633,2.656,0.278
3472,"Nov 20, 11:22 AM","Nov 20, 11:29 AM",33,"2.245 (EOU: 0.600, LLM: 1.404, TTS: 0.241)",2.245,0.6,1.404,0.241
3472,"Nov 20, 11:22 AM","Nov 20, 11:29 AM",34,"4.920 (EOU: 0.621, LLM: 4.064, TTS: 0.235)",4.92,0.621,4.064,0.235
3472,"Nov 20, 11:22 AM","Nov 20, 11:29 AM",35,"2.378 (EOU: 0.726, LLM: 1.430, TTS: 0.222)",2.378,0.726,1.43,0.222
3472,"Nov 20, 11:22 AM","Nov 20, 11:29 AM",36,"2.144 (EOU: 0.610, LLM: 1.298, TTS: 0.236)",2.144,0.61,1.298,0.236
3472,"Nov 20, 11:22 AM","Nov 20, 11:29 AM",37,"8.178 (EOU: 6.001, LLM: 1.952, TTS: 0.225)",8.178,6.001,1.952,0.225
3472,"Nov 20, 11:22 AM","Nov 20, 11:29 AM",38,"2.186 (EOU: 0.594, LLM: 1.373, TTS: 0.219)",2.186,0.594,1.373,0.219
3472,"Nov 20, 11:22 AM","Nov 20, 11:29 AM",39,"3.893 (EOU: 0.602, LLM: 3.076, TTS: 0.215)",3.893,0.602,3.076,0.215
3472,"Nov 20, 11:22 AM","Nov 20, 11:29 AM",40,"2.122 (EOU: 0.606, LLM: 1.304, TTS: 0.212)",2.122,0.606,1.304,0.212
3472,"Nov 20, 11:22 AM","Nov 20, 11:29 AM",41,"2.128 (EOU: 0.610, LLM: 1.266, TTS: 0.251)",2.128,0.61,1.266,0.251
3472,"Nov 20, 11:22 AM","Nov 20, 11:29 AM",42,"2.314 (EOU: 0.599, LLM: 1.475, TTS: 0.240)",2.314,0.599,1.475,0.24
3472,"Nov 20, 11:22 AM","Nov 20, 11:29 AM",43,"3.764 (EOU: 0.608, LLM: 2.926, TTS: 0.230)",3.764,0.608,2.926,0.23
3472,"Nov 20, 11:22 AM","Nov 20, 11:29 AM",44,"2.080 (EOU: 0.605, LLM: 1.251, TTS: 0.223)",2.08,0.605,1.251,0.223
3472,"Nov 20, 11:22 AM","Nov 20, 11:29 AM",45,"3.312 (EOU: 0.601, LLM: 2.472, TTS: 0.239)",3.312,0.601,2.472,0.239
3472,"Nov 20, 11:22 AM","Nov 20, 11:29 AM",46,"2.984 (EOU: 0.606, LLM: 2.162, TTS: 0.216)",2.984,0.606,2.162,0.216
3472,"Nov 20, 11:22 AM","Nov 20, 11:29 AM",47,"5.499 (EOU: 0.595, LLM: 4.638, TTS: 0.266)",5.499,0.595,4.638,0.266
3472,"Nov 20, 11:22 AM","Nov 20, 11:29 AM",48,"3.379 (EOU: 0.597, LLM: 2.526, TTS: 0.256)",3.379,0.597,2.526,0.256
3455,"Nov 20, 11:10 AM","Nov 20, 11:12 AM",1,"1.992 (EOU: 0.595, LLM: 1.146, TTS: 0.250)",1.992,0.595,1.146,0.25
3455,"Nov 20, 11:10 AM","Nov 20, 11:12 AM",2,"1.796 (EOU: 0.596, LLM: 0.981, TTS: 0.219)",1.796,0.596,0.981,0.219
3455,"Nov 20, 11:10 AM","Nov 20, 11:12 AM",3,"1.993 (EOU: 0.623, LLM: 1.133, TTS: 0.237)",1.993,0.623,1.133,0.237
3455,"Nov 20, 11:10 AM","Nov 20, 11:12 AM",4,"2.120 (EOU: 0.688, LLM: 1.201, TTS: 0.231)",2.12,0.688,1.201,0.231
3455,"Nov 20, 11:10 AM","Nov 20, 11:12 AM",5,"1.992 (EOU: 0.595, LLM: 1.146, TTS: 0.250)",1.992,0.595,1.146,0.25
3455,"Nov 20, 11:10 AM","Nov 20, 11:12 AM",6,"1.796 (EOU: 0.596, LLM: 0.981, TTS: 0.219)",1.796,0.596,0.981,0.219
3455,"Nov 20, 11:10 AM","Nov 20, 11:12 AM",7,"1.993 (EOU: 0.623, LLM: 1.133, TTS: 0.237)",1.993,0.623,1.133,0.237
3455,"Nov 20, 11:10 AM","Nov 20, 11:12 AM",8,"2.120 (EOU: 0.688, LLM: 1.201, TTS: 0.231)",2.12,0.688,1.201,0.231
3445,"Nov 20, 7:29 AM","Nov 20, 7:30 AM",1,"3.215 (EOU: 1.667, LLM: 1.328, TTS: 0.220)",3.215,1.667,1.328,0.22
3445,"Nov 20, 7:29 AM","Nov 20, 7:30 AM",2,"1.769 (EOU: 0.623, LLM: 0.927, TTS: 0.219)",1.769,0.623,0.927,0.219
3445,"Nov 20, 7:29 AM","Nov 20, 7:30 AM",3,"3.215 (EOU: 1.667, LLM: 1.328, TTS: 0.220)",3.215,1.667,1.328,0.22
3445,"Nov 20, 7:29 AM","Nov 20, 7:30 AM",4,"1.769 (EOU: 0.623, LLM: 0.927, TTS: 0.219)",1.769,0.623,0.927,0.219
3444,"Nov 20, 6:46 AM","Nov 20, 6:47 AM",1,"18.635 (EOU: 17.588, LLM: 0.824, TTS: 0.224)",18.635,17.588,0.824,0.224
3444,"Nov 20, 6:46 AM","Nov 20, 6:47 AM",2,"1.733 (EOU: 0.597, LLM: 0.904, TTS: 0.232)",1.733,0.597,0.904,0.232
3444,"Nov 20, 6:46 AM","Nov 20, 6:47 AM",3,"4.741 (EOU: 3.551, LLM: 0.963, TTS: 0.226)",4.741,3.551,0.963,0.226
3444,"Nov 20, 6:46 AM","Nov 20, 6:47 AM",4,"18.635 (EOU: 17.588, LLM: 0.824, TTS: 0.224)",18.635,17.588,0.824,0.224
3444,"Nov 20, 6:46 AM","Nov 20, 6:47 AM",5,"1.733 (EOU: 0.597, LLM: 0.904, TTS: 0.232)",1.733,0.597,0.904,0.232
3444,"Nov 20, 6:46 AM","Nov 20, 6:47 AM",6,"4.741 (EOU: 3.551, LLM: 0.963, TTS: 0.226)",4.741,3.551,0.963,0.226
3440,"Nov 20, 6:38 AM","Nov 20, 6:39 AM",1,"1.877 (EOU: 0.591, LLM: 1.070, TTS: 0.216)",1.877,0.591,1.07,0.216
3440,"Nov 20, 6:38 AM","Nov 20, 6:39 AM",2,"2.148 (EOU: 0.903, LLM: 1.026, TTS: 0.218)",2.148,0.903,1.026,0.218
3440,"Nov 20, 6:38 AM","Nov 20, 6:39 AM",3,"1.786 (EOU: 0.599, LLM: 0.947, TTS: 0.240)",1.786,0.599,0.947,0.24
3440,"Nov 20, 6:38 AM","Nov 20, 6:39 AM",4,"1.877 (EOU: 0.591, LLM: 1.070, TTS: 0.216)",1.877,0.591,1.07,0.216
3440,"Nov 20, 6:38 AM","Nov 20, 6:39 AM",5,"2.148 (EOU: 0.903, LLM: 1.026, TTS: 0.218)",2.148,0.903,1.026,0.218
3440,"Nov 20, 6:38 AM","Nov 20, 6:39 AM",6,"1.786 (EOU: 0.599, LLM: 0.947, TTS: 0.240)",1.786,0.599,0.947,0.24
3439,"Nov 20, 6:36 AM","Nov 20, 6:37 AM",1,"3.188 (EOU: 1.848, LLM: 1.123, TTS: 0.218)",3.188,1.848,1.123,0.218
3439,"Nov 20, 6:36 AM","Nov 20, 6:37 AM",2,"3.188 (EOU: 1.848, LLM: 1.123, TTS: 0.218)",3.188,1.848,1.123,0.218
3438,"Nov 20, 6:34 AM","Nov 20, 6:35 AM",1,"1.708 (EOU: 0.590, LLM: 0.888, TTS: 0.230)",1.708,0.59,0.888,0.23
3438,"Nov 20, 6:34 AM","Nov 20, 6:35 AM",2,"1.769 (EOU: 0.595, LLM: 0.958, TTS: 0.216)",1.769,0.595,0.958,0.216
3438,"Nov 20, 6:34 AM","Nov 20, 6:35 AM",3,"1.827 (EOU: 0.601, LLM: 1.009, TTS: 0.217)",1.827,0.601,1.009,0.217
3438,"Nov 20, 6:34 AM","Nov 20, 6:35 AM",4,"2.928 (EOU: 1.677, LLM: 1.031, TTS: 0.220)",2.928,1.677,1.031,0.22
3412,"Nov 19, 12:45 PM","Nov 19, 12:46 PM",1,"3.509 (EOU: 0.684, LLM: 2.607, TTS: 0.217)",3.509,0.684,2.607,0.217
3412,"Nov 19, 12:45 PM","Nov 19, 12:46 PM",2,"3.509 (EOU: 0.684, LLM: 2.607, TTS: 0.217)",3.509,0.684,2.607,0.217
3405,"Nov 19, 12:25 PM","Nov 19, 12:28 PM",1,"4.909 (EOU: 0.606, LLM: 4.073, TTS: 0.231)",4.909,0.606,4.073,0.231
3405,"Nov 19, 12:25 PM","Nov 19, 12:28 PM",2,"3.570 (EOU: 0.651, LLM: 2.682, TTS: 0.238)",3.57,0.651,2.682,0.238
3405,"Nov 19, 12:25 PM","Nov 19, 12:28 PM",3,"3.286 (EOU: 0.635, LLM: 2.418, TTS: 0.233)",3.286,0.635,2.418,0.233
3405,"Nov 19, 12:25 PM","Nov 19, 12:28 PM",4,"5.402 (EOU: 0.690, LLM: 4.386, TTS: 0.326)",5.402,0.69,4.386,0.326
3405,"Nov 19, 12:25 PM","Nov 19, 12:28 PM",5,"4.909 (EOU: 0.676, LLM: 3.945, TTS: 0.288)",4.909,0.676,3.945,0.288
3405,"Nov 19, 12:25 PM","Nov 19, 12:28 PM",6,"4.156 (EOU: 0.648, LLM: 3.291, TTS: 0.217)",4.156,0.648,3.291,0.217
3405,"Nov 19, 12:25 PM","Nov 19, 12:28 PM",7,"2.615 (EOU: 0.671, LLM: 1.724, TTS: 0.221)",2.615,0.671,1.724,0.221
3399,"Nov 19, 12:20 PM","Nov 19, 12:21 PM",1,"2.145 (EOU: 0.589, LLM: 1.325, TTS: 0.231)",2.145,0.589,1.325,0.231
3399,"Nov 19, 12:20 PM","Nov 19, 12:21 PM",2,"2.145 (EOU: 0.589, LLM: 1.325, TTS: 0.231)",2.145,0.589,1.325,0.231
3398,"Nov 19, 12:16 PM","Nov 19, 12:20 PM",1,"2.304 (EOU: 0.603, LLM: 1.352, TTS: 0.349)",2.304,0.603,1.352,0.349
3398,"Nov 19, 12:16 PM","Nov 19, 12:20 PM",2,"7.876 (EOU: 0.624, LLM: 6.919, TTS: 0.333)",7.876,0.624,6.919,0.333
3398,"Nov 19, 12:16 PM","Nov 19, 12:20 PM",3,"7.940 (EOU: 0.628, LLM: 6.987, TTS: 0.325)",7.94,0.628,6.987,0.325
3398,"Nov 19, 12:16 PM","Nov 19, 12:20 PM",4,"14.765 (EOU: 0.638, LLM: 13.864, TTS: 0.263)",14.765,0.638,13.864,0.263
3398,"Nov 19, 12:16 PM","Nov 19, 12:20 PM",5,"6.260 (EOU: 0.634, LLM: 5.315, TTS: 0.311)",6.26,0.634,5.315,0.311
3398,"Nov 19, 12:16 PM","Nov 19, 12:20 PM",6,"9.158 (EOU: 0.623, LLM: 8.265, TTS: 0.270)",9.158,0.623,8.265,0.27
3398,"Nov 19, 12:16 PM","Nov 19, 12:20 PM",7,"15.833 (EOU: 0.649, LLM: 14.928, TTS: 0.255)",15.833,0.649,14.928,0.255
3398,"Nov 19, 12:16 PM","Nov 19, 12:20 PM",8,"3.045 (EOU: 0.619, LLM: 2.209, TTS: 0.217)",3.045,0.619,2.209,0.217
3398,"Nov 19, 12:16 PM","Nov 19, 12:20 PM",9,"8.025 (EOU: 0.720, LLM: 7.091, TTS: 0.214)",8.025,0.72,7.091,0.214
3398,"Nov 19, 12:16 PM","Nov 19, 12:20 PM",10,"3.492 (EOU: 0.687, LLM: 2.433, TTS: 0.372)",3.492,0.687,2.433,0.372
3397,"Nov 19, 12:13 PM","Nov 19, 12:16 PM",1,"2.591 (EOU: 0.607, LLM: 1.732, TTS: 0.251)",2.591,0.607,1.732,0.251
3397,"Nov 19, 12:13 PM","Nov 19, 12:16 PM",2,"2.897 (EOU: 0.630, LLM: 2.018, TTS: 0.249)",2.897,0.63,2.018,0.249
3397,"Nov 19, 12:13 PM","Nov 19, 12:16 PM",3,"7.075 (EOU: 0.782, LLM: 5.969, TTS: 0.324)",7.075,0.782,5.969,0.324
3397,"Nov 19, 12:13 PM","Nov 19, 12:16 PM",4,"20.204 (EOU: 0.791, LLM: 19.098, TTS: 0.315)",20.204,0.791,19.098,0.315
3397,"Nov 19, 12:13 PM","Nov 19, 12:16 PM",5,"2.591 (EOU: 0.607, LLM: 1.732, TTS: 0.251)",2.591,0.607,1.732,0.251
3397,"Nov 19, 12:13 PM","Nov 19, 12:16 PM",6,"2.897 (EOU: 0.630, LLM: 2.018, TTS: 0.249)",2.897,0.63,2.018,0.249
3397,"Nov 19, 12:13 PM","Nov 19, 12:16 PM",7,"7.075 (EOU: 0.782, LLM: 5.969, TTS: 0.324)",7.075,0.782,5.969,0.324
3397,"Nov 19, 12:13 PM","Nov 19, 12:16 PM",8,"20.204 (EOU: 0.791, LLM: 19.098, TTS: 0.315)",20.204,0.791,19.098,0.315
3396,"Nov 19, 12:12 PM","Nov 19, 12:13 PM",1,"8.307 (EOU: 6.000, LLM: 2.071, TTS: 0.236)",8.307,6.0,2.071,0.236
3396,"Nov 19, 12:12 PM","Nov 19, 12:13 PM",2,"8.307 (EOU: 6.000, LLM: 2.071, TTS: 0.236)",8.307,6.0,2.071,0.236
3391,"Nov 19, 10:26 AM","Nov 19, 10:27 AM",1,"2.299 (EOU: 0.623, LLM: 1.445, TTS: 0.231)",2.299,0.623,1.445,0.231
3391,"Nov 19, 10:26 AM","Nov 19, 10:27 AM",2,"7.051 (EOU: 0.612, LLM: 6.203, TTS: 0.235)",7.051,0.612,6.203,0.235
3391,"Nov 19, 10:26 AM","Nov 19, 10:27 AM",3,"4.527 (EOU: 0.651, LLM: 3.645, TTS: 0.231)",4.527,0.651,3.645,0.231
3370,"Nov 19, 8:20 AM","Nov 19, 8:22 AM",1,"5.288 (EOU: 0.722, LLM: 4.342, TTS: 0.224)",5.288,0.722,4.342,0.224
3370,"Nov 19, 8:20 AM","Nov 19, 8:22 AM",2,"3.505 (EOU: 0.639, LLM: 2.536, TTS: 0.330)",3.505,0.639,2.536,0.33
3370,"Nov 19, 8:20 AM","Nov 19, 8:22 AM",3,"5.288 (EOU: 0.722, LLM: 4.342, TTS: 0.224)",5.288,0.722,4.342,0.224
3370,"Nov 19, 8:20 AM","Nov 19, 8:22 AM",4,"3.505 (EOU: 0.639, LLM: 2.536, TTS: 0.330)",3.505,0.639,2.536,0.33
3349,"Nov 18, 12:41 PM","Nov 18, 12:43 PM",1,"3.553 (EOU: 0.633, LLM: 2.579, TTS: 0.341)",3.553,0.633,2.579,0.341
3349,"Nov 18, 12:41 PM","Nov 18, 12:43 PM",2,"4.345 (EOU: 0.682, LLM: 3.378, TTS: 0.285)",4.345,0.682,3.378,0.285
3349,"Nov 18, 12:41 PM","Nov 18, 12:43 PM",3,"3.125 (EOU: 0.651, LLM: 2.171, TTS: 0.302)",3.125,0.651,2.171,0.302
3349,"Nov 18, 12:41 PM","Nov 18, 12:43 PM",4,"3.516 (EOU: 0.738, LLM: 2.481, TTS: 0.297)",3.516,0.738,2.481,0.297
3349,"Nov 18, 12:41 PM","Nov 18, 12:43 PM",5,"4.620 (EOU: 0.660, LLM: 3.574, TTS: 0.385)",4.62,0.66,3.574,0.385
3344,"Nov 18, 12:29 PM","Nov 18, 12:30 PM",1,"6.367 (EOU: 0.688, LLM: 5.438, TTS: 0.241)",6.367,0.688,5.438,0.241
3344,"Nov 18, 12:29 PM","Nov 18, 12:30 PM",2,"4.752 (EOU: 0.739, LLM: 3.660, TTS: 0.352)",4.752,0.739,3.66,0.352
3344,"Nov 18, 12:29 PM","Nov 18, 12:30 PM",3,"6.367 (EOU: 0.688, LLM: 5.438, TTS: 0.241)",6.367,0.688,5.438,0.241
3344,"Nov 18, 12:29 PM","Nov 18, 12:30 PM",4,"4.752 (EOU: 0.739, LLM: 3.660, TTS: 0.352)",4.752,0.739,3.66,0.352
3339,"Nov 18, 12:04 PM","Nov 18, 12:13 PM",1,"3.726 (EOU: 0.670, LLM: 2.834, TTS: 0.222)",3.726,0.67,2.834,0.222
3339,"Nov 18, 12:04 PM","Nov 18, 12:13 PM",2,"2.712 (EOU: 0.659, LLM: 1.835, TTS: 0.218)",2.712,0.659,1.835,0.218
3339,"Nov 18, 12:04 PM","Nov 18, 12:13 PM",3,"3.130 (EOU: 0.624, LLM: 2.277, TTS: 0.229)",3.13,0.624,2.277,0.229
3339,"Nov 18, 12:04 PM","Nov 18, 12:13 PM",4,"2.753 (EOU: 0.701, LLM: 1.812, TTS: 0.241)",2.753,0.701,1.812,0.241
3339,"Nov 18, 12:04 PM","Nov 18, 12:13 PM",5,"5.061 (EOU: 0.720, LLM: 4.113, TTS: 0.228)",5.061,0.72,4.113,0.228
3339,"Nov 18, 12:04 PM","Nov 18, 12:13 PM",6,"2.390 (EOU: 0.655, LLM: 1.519, TTS: 0.216)",2.39,0.655,1.519,0.216
3339,"Nov 18, 12:04 PM","Nov 18, 12:13 PM",7,"3.531 (EOU: 0.607, LLM: 2.692, TTS: 0.232)",3.531,0.607,2.692,0.232
3339,"Nov 18, 12:04 PM","Nov 18, 12:13 PM",8,"6.277 (EOU: 0.656, LLM: 5.387, TTS: 0.234)",6.277,0.656,5.387,0.234
3339,"Nov 18, 12:04 PM","Nov 18, 12:13 PM",9,"4.782 (EOU: 0.624, LLM: 3.885, TTS: 0.272)",4.782,0.624,3.885,0.272
3339,"Nov 18, 12:04 PM","Nov 18, 12:13 PM",10,"4.421 (EOU: 0.697, LLM: 3.436, TTS: 0.288)",4.421,0.697,3.436,0.288
3339,"Nov 18, 12:04 PM","Nov 18, 12:13 PM",11,"6.355 (EOU: 0.626, LLM: 5.493, TTS: 0.236)",6.355,0.626,5.493,0.236
3339,"Nov 18, 12:04 PM","Nov 18, 12:13 PM",12,"11.833 (EOU: 0.650, LLM: 10.936, TTS: 0.247)",11.833,0.65,10.936,0.247
3339,"Nov 18, 12:04 PM","Nov 18, 12:13 PM",13,"6.438 (EOU: 0.621, LLM: 5.585, TTS: 0.231)",6.438,0.621,5.585,0.231
3339,"Nov 18, 12:04 PM","Nov 18, 12:13 PM",14,"6.047 (EOU: 0.645, LLM: 5.154, TTS: 0.248)",6.047,0.645,5.154,0.248
3339,"Nov 18, 12:04 PM","Nov 18, 12:13 PM",15,"3.837 (EOU: 0.620, LLM: 2.960, TTS: 0.257)",3.837,0.62,2.96,0.257
3339,"Nov 18, 12:04 PM","Nov 18, 12:13 PM",16,"9.734 (EOU: 6.000, LLM: 3.473, TTS: 0.260)",9.734,6.0,3.473,0.26
3339,"Nov 18, 12:04 PM","Nov 18, 12:13 PM",17,"23.854 (EOU: 20.492, LLM: 3.131, TTS: 0.231)",23.854,20.492,3.131,0.231
3339,"Nov 18, 12:04 PM","Nov 18, 12:13 PM",18,"4.894 (EOU: 0.773, LLM: 3.880, TTS: 0.241)",4.894,0.773,3.88,0.241
3339,"Nov 18, 12:04 PM","Nov 18, 12:13 PM",19,"5.694 (EOU: 0.976, LLM: 4.492, TTS: 0.227)",5.694,0.976,4.492,0.227
3339,"Nov 18, 12:04 PM","Nov 18, 12:13 PM",20,"8.206 (EOU: 0.655, LLM: 7.283, TTS: 0.268)",8.206,0.655,7.283,0.268
3339,"Nov 18, 12:04 PM","Nov 18, 12:13 PM",21,"21.732 (EOU: 0.607, LLM: 20.883, TTS: 0.242)",21.732,0.607,20.883,0.242
3339,"Nov 18, 12:04 PM","Nov 18, 12:13 PM",22,"3.350 (EOU: 0.727, LLM: 2.389, TTS: 0.234)",3.35,0.727,2.389,0.234
3339,"Nov 18, 12:04 PM","Nov 18, 12:13 PM",23,"2.180 (EOU: 0.619, LLM: 1.324, TTS: 0.238)",2.18,0.619,1.324,0.238
3339,"Nov 18, 12:04 PM","Nov 18, 12:13 PM",24,"2.127 (EOU: 0.625, LLM: 1.277, TTS: 0.225)",2.127,0.625,1.277,0.225
3339,"Nov 18, 12:04 PM","Nov 18, 12:13 PM",25,"3.726 (EOU: 0.670, LLM: 2.834, TTS: 0.222)",3.726,0.67,2.834,0.222
3339,"Nov 18, 12:04 PM","Nov 18, 12:13 PM",26,"2.712 (EOU: 0.659, LLM: 1.835, TTS: 0.218)",2.712,0.659,1.835,0.218
3339,"Nov 18, 12:04 PM","Nov 18, 12:13 PM",27,"3.130 (EOU: 0.624, LLM: 2.277, TTS: 0.229)",3.13,0.624,2.277,0.229
3339,"Nov 18, 12:04 PM","Nov 18, 12:13 PM",28,"2.753 (EOU: 0.701, LLM: 1.812, TTS: 0.241)",2.753,0.701,1.812,0.241
3339,"Nov 18, 12:04 PM","Nov 18, 12:13 PM",29,"5.061 (EOU: 0.720, LLM: 4.113, TTS: 0.228)",5.061,0.72,4.113,0.228
3339,"Nov 18, 12:04 PM","Nov 18, 12:13 PM",30,"2.390 (EOU: 0.655, LLM: 1.519, TTS: 0.216)",2.39,0.655,1.519,0.216
3339,"Nov 18, 12:04 PM","Nov 18, 12:13 PM",31,"3.531 (EOU: 0.607, LLM: 2.692, TTS: 0.232)",3.531,0.607,2.692,0.232
3339,"Nov 18, 12:04 PM","Nov 18, 12:13 PM",32,"6.277 (EOU: 0.656, LLM: 5.387, TTS: 0.234)",6.277,0.656,5.387,0.234
3339,"Nov 18, 12:04 PM","Nov 18, 12:13 PM",33,"4.782 (EOU: 0.624, LLM: 3.885, TTS: 0.272)",4.782,0.624,3.885,0.272
3339,"Nov 18, 12:04 PM","Nov 18, 12:13 PM",34,"4.421 (EOU: 0.697, LLM: 3.436, TTS: 0.288)",4.421,0.697,3.436,0.288
3339,"Nov 18, 12:04 PM","Nov 18, 12:13 PM",35,"6.355 (EOU: 0.626, LLM: 5.493, TTS: 0.236)",6.355,0.626,5.493,0.236
3339,"Nov 18, 12:04 PM","Nov 18, 12:13 PM",36,"11.833 (EOU: 0.650, LLM: 10.936, TTS: 0.247)",11.833,0.65,10.936,0.247
3339,"Nov 18, 12:04 PM","Nov 18, 12:13 PM",37,"6.438 (EOU: 0.621, LLM: 5.585, TTS: 0.231)",6.438,0.621,5.585,0.231
3339,"Nov 18, 12:04 PM","Nov 18, 12:13 PM",38,"6.047 (EOU: 0.645, LLM: 5.154, TTS: 0.248)",6.047,0.645,5.154,0.248
3339,"Nov 18, 12:04 PM","Nov 18, 12:13 PM",39,"3.837 (EOU: 0.620, LLM: 2.960, TTS: 0.257)",3.837,0.62,2.96,0.257
3339,"Nov 18, 12:04 PM","Nov 18, 12:13 PM",40,"9.734 (EOU: 6.000, LLM: 3.473, TTS: 0.260)",9.734,6.0,3.473,0.26
3339,"Nov 18, 12:04 PM","Nov 18, 12:13 PM",41,"23.854 (EOU: 20.492, LLM: 3.131, TTS: 0.231)",23.854,20.492,3.131,0.231
3339,"Nov 18, 12:04 PM","Nov 18, 12:13 PM",42,"4.894 (EOU: 0.773, LLM: 3.880, TTS: 0.241)",4.894,0.773,3.88,0.241
3339,"Nov 18, 12:04 PM","Nov 18, 12:13 PM",43,"5.694 (EOU: 0.976, LLM: 4.492, TTS: 0.227)",5.694,0.976,4.492,0.227
3339,"Nov 18, 12:04 PM","Nov 18, 12:13 PM",44,"8.206 (EOU: 0.655, LLM: 7.283, TTS: 0.268)",8.206,0.655,7.283,0.268
3339,"Nov 18, 12:04 PM","Nov 18, 12:13 PM",45,"21.732 (EOU: 0.607, LLM: 20.883, TTS: 0.242)",21.732,0.607,20.883,0.242
3339,"Nov 18, 12:04 PM","Nov 18, 12:13 PM",46,"3.350 (EOU: 0.727, LLM: 2.389, TTS: 0.234)",3.35,0.727,2.389,0.234
3339,"Nov 18, 12:04 PM","Nov 18, 12:13 PM",47,"2.180 (EOU: 0.619, LLM: 1.324, TTS: 0.238)",2.18,0.619,1.324,0.238
3339,"Nov 18, 12:04 PM","Nov 18, 12:13 PM",48,"2.127 (EOU: 0.625, LLM: 1.277, TTS: 0.225)",2.127,0.625,1.277,0.225
3337,"Nov 18, 11:51 AM","Nov 18, 11:53 AM",1,"2.390 (EOU: 0.618, LLM: 1.512, TTS: 0.260)",2.39,0.618,1.512,0.26
3337,"Nov 18, 11:51 AM","Nov 18, 11:53 AM",2,"8.402 (EOU: 0.639, LLM: 7.542, TTS: 0.221)",8.402,0.639,7.542,0.221
3337,"Nov 18, 11:51 AM","Nov 18, 11:53 AM",3,"21.550 (EOU: 0.622, LLM: 20.706, TTS: 0.222)",21.55,0.622,20.706,0.222
3337,"Nov 18, 11:51 AM","Nov 18, 11:53 AM",4,"5.498 (EOU: 0.629, LLM: 4.520, TTS: 0.350)",5.498,0.629,4.52,0.35
3337,"Nov 18, 11:51 AM","Nov 18, 11:53 AM",5,"12.546 (EOU: 8.773, LLM: 3.533, TTS: 0.240)",12.546,8.773,3.533,0.24
3337,"Nov 18, 11:51 AM","Nov 18, 11:53 AM",6,"2.390 (EOU: 0.618, LLM: 1.512, TTS: 0.260)",2.39,0.618,1.512,0.26
3337,"Nov 18, 11:51 AM","Nov 18, 11:53 AM",7,"8.402 (EOU: 0.639, LLM: 7.542, TTS: 0.221)",8.402,0.639,7.542,0.221
3337,"Nov 18, 11:51 AM","Nov 18, 11:53 AM",8,"21.550 (EOU: 0.622, LLM: 20.706, TTS: 0.222)",21.55,0.622,20.706,0.222
3337,"Nov 18, 11:51 AM","Nov 18, 11:53 AM",9,"5.498 (EOU: 0.629, LLM: 4.520, TTS: 0.350)",5.498,0.629,4.52,0.35
3337,"Nov 18, 11:51 AM","Nov 18, 11:53 AM",10,"12.546 (EOU: 8.773, LLM: 3.533, TTS: 0.240)",12.546,8.773,3.533,0.24
3298,"Nov 17, 7:59 AM","Nov 17, 8:00 AM",1,"15.772 (EOU: 9.518, LLM: 5.950, TTS: 0.303)",15.772,9.518,5.95,0.303
3298,"Nov 17, 7:59 AM","Nov 17, 8:00 AM",2,"15.772 (EOU: 9.518, LLM: 5.950, TTS: 0.303)",15.772,9.518,5.95,0.303
3296,"Nov 17, 7:50 AM","Nov 17, 7:59 AM",1,"3.322 (EOU: 0.647, LLM: 2.434, TTS: 0.241)",3.322,0.647,2.434,0.241
3296,"Nov 17, 7:50 AM","Nov 17, 7:59 AM",2,"3.123 (EOU: 0.652, LLM: 2.216, TTS: 0.255)",3.123,0.652,2.216,0.255
3296,"Nov 17, 7:50 AM","Nov 17, 7:59 AM",3,"7.793 (EOU: 0.679, LLM: 6.858, TTS: 0.257)",7.793,0.679,6.858,0.257
3296,"Nov 17, 7:50 AM","Nov 17, 7:59 AM",4,"4.516 (EOU: 0.648, LLM: 3.626, TTS: 0.243)",4.516,0.648,3.626,0.243
3296,"Nov 17, 7:50 AM","Nov 17, 7:59 AM",5,"8.907 (EOU: 0.772, LLM: 7.821, TTS: 0.313)",8.907,0.772,7.821,0.313
3296,"Nov 17, 7:50 AM","Nov 17, 7:59 AM",6,"3.957 (EOU: 0.671, LLM: 3.029, TTS: 0.257)",3.957,0.671,3.029,0.257
3296,"Nov 17, 7:50 AM","Nov 17, 7:59 AM",7,"4.625 (EOU: 0.744, LLM: 3.604, TTS: 0.277)",4.625,0.744,3.604,0.277
3296,"Nov 17, 7:50 AM","Nov 17, 7:59 AM",8,"9.213 (EOU: 0.742, LLM: 8.073, TTS: 0.398)",9.213,0.742,8.073,0.398
3296,"Nov 17, 7:50 AM","Nov 17, 7:59 AM",9,"13.120 (EOU: 9.511, LLM: 3.226, TTS: 0.383)",13.12,9.511,3.226,0.383
3296,"Nov 17, 7:50 AM","Nov 17, 7:59 AM",10,"6.104 (EOU: 1.017, LLM: 4.614, TTS: 0.473)",6.104,1.017,4.614,0.473
3296,"Nov 17, 7:50 AM","Nov 17, 7:59 AM",11,"6.532 (EOU: 0.683, LLM: 5.546, TTS: 0.304)",6.532,0.683,5.546,0.304
3296,"Nov 17, 7:50 AM","Nov 17, 7:59 AM",12,"10.026 (EOU: 0.862, LLM: 8.843, TTS: 0.321)",10.026,0.862,8.843,0.321
3296,"Nov 17, 7:50 AM","Nov 17, 7:59 AM",13,"7.423 (EOU: 0.822, LLM: 6.323, TTS: 0.278)",7.423,0.822,6.323,0.278
3296,"Nov 17, 7:50 AM","Nov 17, 7:59 AM",14,"8.437 (EOU: 0.608, LLM: 6.976, TTS: 0.852)",8.437,0.608,6.976,0.852
3296,"Nov 17, 7:50 AM","Nov 17, 7:59 AM",15,"30.231 (EOU: 23.104, LLM: 6.752, TTS: 0.375)",30.231,23.104,6.752,0.375
3296,"Nov 17, 7:50 AM","Nov 17, 7:59 AM",16,"3.748 (EOU: 0.621, LLM: 2.878, TTS: 0.248)",3.748,0.621,2.878,0.248
3296,"Nov 17, 7:50 AM","Nov 17, 7:59 AM",17,"3.700 (EOU: 0.832, LLM: 2.643, TTS: 0.225)",3.7,0.832,2.643,0.225
3296,"Nov 17, 7:50 AM","Nov 17, 7:59 AM",18,"3.318 (EOU: 0.699, LLM: 2.325, TTS: 0.294)",3.318,0.699,2.325,0.294
3296,"Nov 17, 7:50 AM","Nov 17, 7:59 AM",19,"6.297 (EOU: 0.624, LLM: 5.432, TTS: 0.240)",6.297,0.624,5.432,0.24
3296,"Nov 17, 7:50 AM","Nov 17, 7:59 AM",20,"3.579 (EOU: 0.701, LLM: 2.640, TTS: 0.238)",3.579,0.701,2.64,0.238
3296,"Nov 17, 7:50 AM","Nov 17, 7:59 AM",21,"3.028 (EOU: 0.687, LLM: 2.028, TTS: 0.313)",3.028,0.687,2.028,0.313
3296,"Nov 17, 7:50 AM","Nov 17, 7:59 AM",22,"5.490 (EOU: 0.671, LLM: 4.597, TTS: 0.223)",5.49,0.671,4.597,0.223
3296,"Nov 17, 7:50 AM","Nov 17, 7:59 AM",23,"3.006 (EOU: 0.611, LLM: 2.157, TTS: 0.237)",3.006,0.611,2.157,0.237
3296,"Nov 17, 7:50 AM","Nov 17, 7:59 AM",24,"3.322 (EOU: 0.647, LLM: 2.434, TTS: 0.241)",3.322,0.647,2.434,0.241
3296,"Nov 17, 7:50 AM","Nov 17, 7:59 AM",25,"3.123 (EOU: 0.652, LLM: 2.216, TTS: 0.255)",3.123,0.652,2.216,0.255
3296,"Nov 17, 7:50 AM","Nov 17, 7:59 AM",26,"7.793 (EOU: 0.679, LLM: 6.858, TTS: 0.257)",7.793,0.679,6.858,0.257
3296,"Nov 17, 7:50 AM","Nov 17, 7:59 AM",27,"4.516 (EOU: 0.648, LLM: 3.626, TTS: 0.243)",4.516,0.648,3.626,0.243
3296,"Nov 17, 7:50 AM","Nov 17, 7:59 AM",28,"8.907 (EOU: 0.772, LLM: 7.821, TTS: 0.313)",8.907,0.772,7.821,0.313
3296,"Nov 17, 7:50 AM","Nov 17, 7:59 AM",29,"3.957 (EOU: 0.671, LLM: 3.029, TTS: 0.257)",3.957,0.671,3.029,0.257
3296,"Nov 17, 7:50 AM","Nov 17, 7:59 AM",30,"4.625 (EOU: 0.744, LLM: 3.604, TTS: 0.277)",4.625,0.744,3.604,0.277
3296,"Nov 17, 7:50 AM","Nov 17, 7:59 AM",31,"9.213 (EOU: 0.742, LLM: 8.073, TTS: 0.398)",9.213,0.742,8.073,0.398
3296,"Nov 17, 7:50 AM","Nov 17, 7:59 AM",32,"13.120 (EOU: 9.511, LLM: 3.226, TTS: 0.383)",13.12,9.511,3.226,0.383
3296,"Nov 17, 7:50 AM","Nov 17, 7:59 AM",33,"6.104 (EOU: 1.017, LLM: 4.614, TTS: 0.473)",6.104,1.017,4.614,0.473
3296,"Nov 17, 7:50 AM","Nov 17, 7:59 AM",34,"6.532 (EOU: 0.683, LLM: 5.546, TTS: 0.304)",6.532,0.683,5.546,0.304
3296,"Nov 17, 7:50 AM","Nov 17, 7:59 AM",35,"10.026 (EOU: 0.862, LLM: 8.843, TTS: 0.321)",10.026,0.862,8.843,0.321
3296,"Nov 17, 7:50 AM","Nov 17, 7:59 AM",36,"7.423 (EOU: 0.822, LLM: 6.323, TTS: 0.278)",7.423,0.822,6.323,0.278
3296,"Nov 17, 7:50 AM","Nov 17, 7:59 AM",37,"8.437 (EOU: 0.608, LLM: 6.976, TTS: 0.852)",8.437,0.608,6.976,0.852
3296,"Nov 17, 7:50 AM","Nov 17, 7:59 AM",38,"30.231 (EOU: 23.104, LLM: 6.752, TTS: 0.375)",30.231,23.104,6.752,0.375
3296,"Nov 17, 7:50 AM","Nov 17, 7:59 AM",39,"3.748 (EOU: 0.621, LLM: 2.878, TTS: 0.248)",3.748,0.621,2.878,0.248
3296,"Nov 17, 7:50 AM","Nov 17, 7:59 AM",40,"3.700 (EOU: 0.832, LLM: 2.643, TTS: 0.225)",3.7,0.832,2.643,0.225
3296,"Nov 17, 7:50 AM","Nov 17, 7:59 AM",41,"3.318 (EOU: 0.699, LLM: 2.325, TTS: 0.294)",3.318,0.699,2.325,0.294
3296,"Nov 17, 7:50 AM","Nov 17, 7:59 AM",42,"6.297 (EOU: 0.624, LLM: 5.432, TTS: 0.240)",6.297,0.624,5.432,0.24
3296,"Nov 17, 7:50 AM","Nov 17, 7:59 AM",43,"3.579 (EOU: 0.701, LLM: 2.640, TTS: 0.238)",3.579,0.701,2.64,0.238
3296,"Nov 17, 7:50 AM","Nov 17, 7:59 AM",44,"3.028 (EOU: 0.687, LLM: 2.028, TTS: 0.313)",3.028,0.687,2.028,0.313
3296,"Nov 17, 7:50 AM","Nov 17, 7:59 AM",45,"5.490 (EOU: 0.671, LLM: 4.597, TTS: 0.223)",5.49,0.671,4.597,0.223
3296,"Nov 17, 7:50 AM","Nov 17, 7:59 AM",46,"3.006 (EOU: 0.611, LLM: 2.157, TTS: 0.237)",3.006,0.611,2.157,0.237
3291,"Nov 15, 10:11 AM","Nov 15, 10:12 AM",1,"2.394 (EOU: 0.600, LLM: 1.574, TTS: 0.221)",2.394,0.6,1.574,0.221
3291,"Nov 15, 10:11 AM","Nov 15, 10:12 AM",2,"2.394 (EOU: 0.600, LLM: 1.574, TTS: 0.221)",2.394,0.6,1.574,0.221
3271,"Nov 15, 9:32 AM","Nov 15, 9:32 AM",1,"1.773 (EOU: 0.591, LLM: 0.956, TTS: 0.226)",1.773,0.591,0.956,0.226
3271,"Nov 15, 9:32 AM","Nov 15, 9:32 AM",2,"1.773 (EOU: 0.591, LLM: 0.956, TTS: 0.226)",1.773,0.591,0.956,0.226
3261,"Nov 15, 9:21 AM","Nov 15, 9:21 AM",1,"2.016 (EOU: 0.611, LLM: 1.188, TTS: 0.217)",2.016,0.611,1.188,0.217
3261,"Nov 15, 9:21 AM","Nov 15, 9:21 AM",2,"2.016 (EOU: 0.611, LLM: 1.188, TTS: 0.217)",2.016,0.611,1.188,0.217
3254,"Nov 13, 4:54 PM","Nov 13, 4:55 PM",1,"2.345 (EOU: 0.598, LLM: 1.503, TTS: 0.244)",2.345,0.598,1.503,0.244
3254,"Nov 13, 4:54 PM","Nov 13, 4:55 PM",2,"1.839 (EOU: 0.604, LLM: 1.012, TTS: 0.223)",1.839,0.604,1.012,0.223
3254,"Nov 13, 4:54 PM","Nov 13, 4:55 PM",3,"1.965 (EOU: 0.606, LLM: 1.104, TTS: 0.255)",1.965,0.606,1.104,0.255
3254,"Nov 13, 4:54 PM","Nov 13, 4:55 PM",4,"1.841 (EOU: 0.595, LLM: 1.031, TTS: 0.215)",1.841,0.595,1.031,0.215
3254,"Nov 13, 4:54 PM","Nov 13, 4:55 PM",5,"1.976 (EOU: 0.593, LLM: 1.158, TTS: 0.225)",1.976,0.593,1.158,0.225
3236,"Nov 13, 2:23 PM","Nov 13, 2:26 PM",1,"2.574 (EOU: 0.606, LLM: 1.748, TTS: 0.220)",2.574,0.606,1.748,0.22
3236,"Nov 13, 2:23 PM","Nov 13, 2:26 PM",2,"3.507 (EOU: 0.656, LLM: 2.609, TTS: 0.242)",3.507,0.656,2.609,0.242
3236,"Nov 13, 2:23 PM","Nov 13, 2:26 PM",3,"3.552 (EOU: 0.676, LLM: 2.657, TTS: 0.218)",3.552,0.676,2.657,0.218
3236,"Nov 13, 2:23 PM","Nov 13, 2:26 PM",4,"4.051 (EOU: 0.715, LLM: 3.127, TTS: 0.209)",4.051,0.715,3.127,0.209
3236,"Nov 13, 2:23 PM","Nov 13, 2:26 PM",5,"10.091 (EOU: 6.001, LLM: 3.873, TTS: 0.217)",10.091,6.001,3.873,0.217
3235,"Nov 13, 1:49 PM","Nov 13, 1:50 PM",1,"3.142 (EOU: 0.598, LLM: 2.279, TTS: 0.264)",3.142,0.598,2.279,0.264
3235,"Nov 13, 1:49 PM","Nov 13, 1:50 PM",2,"3.040 (EOU: 0.677, LLM: 2.129, TTS: 0.234)",3.04,0.677,2.129,0.234
3235,"Nov 13, 1:49 PM","Nov 13, 1:50 PM",3,"4.629 (EOU: 0.662, LLM: 3.708, TTS: 0.259)",4.629,0.662,3.708,0.259
3233,"Nov 13, 12:18 PM","Nov 13, 12:21 PM",1,"2.323 (EOU: 0.616, LLM: 1.481, TTS: 0.226)",2.323,0.616,1.481,0.226
3233,"Nov 13, 12:18 PM","Nov 13, 12:21 PM",2,"2.212 (EOU: 0.606, LLM: 1.358, TTS: 0.248)",2.212,0.606,1.358,0.248
3233,"Nov 13, 12:18 PM","Nov 13, 12:21 PM",3,"4.265 (EOU: 0.613, LLM: 3.428, TTS: 0.224)",4.265,0.613,3.428,0.224
3233,"Nov 13, 12:18 PM","Nov 13, 12:21 PM",4,"4.220 (EOU: 0.622, LLM: 3.369, TTS: 0.229)",4.22,0.622,3.369,0.229
3233,"Nov 13, 12:18 PM","Nov 13, 12:21 PM",5,"2.180 (EOU: 0.610, LLM: 1.333, TTS: 0.237)",2.18,0.61,1.333,0.237
3233,"Nov 13, 12:18 PM","Nov 13, 12:21 PM",6,"7.628 (EOU: 0.626, LLM: 6.745, TTS: 0.256)",7.628,0.626,6.745,0.256
3233,"Nov 13, 12:18 PM","Nov 13, 12:21 PM",7,"2.353 (EOU: 0.610, LLM: 1.500, TTS: 0.243)",2.353,0.61,1.5,0.243
3233,"Nov 13, 12:18 PM","Nov 13, 12:21 PM",8,"3.526 (EOU: 0.609, LLM: 2.653, TTS: 0.265)",3.526,0.609,2.653,0.265
3233,"Nov 13, 12:18 PM","Nov 13, 12:21 PM",9,"2.323 (EOU: 0.616, LLM: 1.481, TTS: 0.226)",2.323,0.616,1.481,0.226
3233,"Nov 13, 12:18 PM","Nov 13, 12:21 PM",10,"2.212 (EOU: 0.606, LLM: 1.358, TTS: 0.248)",2.212,0.606,1.358,0.248
3233,"Nov 13, 12:18 PM","Nov 13, 12:21 PM",11,"4.265 (EOU: 0.613, LLM: 3.428, TTS: 0.224)",4.265,0.613,3.428,0.224
3233,"Nov 13, 12:18 PM","Nov 13, 12:21 PM",12,"4.220 (EOU: 0.622, LLM: 3.369, TTS: 0.229)",4.22,0.622,3.369,0.229
3233,"Nov 13, 12:18 PM","Nov 13, 12:21 PM",13,"2.180 (EOU: 0.610, LLM: 1.333, TTS: 0.237)",2.18,0.61,1.333,0.237
3233,"Nov 13, 12:18 PM","Nov 13, 12:21 PM",14,"7.628 (EOU: 0.626, LLM: 6.745, TTS: 0.256)",7.628,0.626,6.745,0.256
3233,"Nov 13, 12:18 PM","Nov 13, 12:21 PM",15,"2.353 (EOU: 0.610, LLM: 1.500, TTS: 0.243)",2.353,0.61,1.5,0.243
3233,"Nov 13, 12:18 PM","Nov 13, 12:21 PM",16,"3.526 (EOU: 0.609, LLM: 2.653, TTS: 0.265)",3.526,0.609,2.653,0.265
3227,"Nov 13, 11:16 AM","Nov 13, 11:17 AM",1,"2.483 (EOU: 0.602, LLM: 1.661, TTS: 0.221)",2.483,0.602,1.661,0.221
3227,"Nov 13, 11:16 AM","Nov 13, 11:17 AM",2,"5.968 (EOU: 0.628, LLM: 5.088, TTS: 0.253)",5.968,0.628,5.088,0.253
3227,"Nov 13, 11:16 AM","Nov 13, 11:17 AM",3,"2.904 (EOU: 0.700, LLM: 1.928, TTS: 0.275)",2.904,0.7,1.928,0.275
3227,"Nov 13, 11:16 AM","Nov 13, 11:17 AM",4,"2.483 (EOU: 0.602, LLM: 1.661, TTS: 0.221)",2.483,0.602,1.661,0.221
3227,"Nov 13, 11:16 AM","Nov 13, 11:17 AM",5,"5.968 (EOU: 0.628, LLM: 5.088, TTS: 0.253)",5.968,0.628,5.088,0.253
3227,"Nov 13, 11:16 AM","Nov 13, 11:17 AM",6,"2.904 (EOU: 0.700, LLM: 1.928, TTS: 0.275)",2.904,0.7,1.928,0.275
3207,"Nov 13, 10:11 AM","Nov 13, 10:12 AM",1,"2.282 (EOU: 0.596, LLM: 1.449, TTS: 0.238)",2.282,0.596,1.449,0.238
3206,"Nov 13, 7:20 AM","Nov 13, 7:27 AM",1,"2.244 (EOU: 0.598, LLM: 1.418, TTS: 0.229)",2.244,0.598,1.418,0.229
3206,"Nov 13, 7:20 AM","Nov 13, 7:27 AM",2,"3.411 (EOU: 0.605, LLM: 2.580, TTS: 0.226)",3.411,0.605,2.58,0.226
3206,"Nov 13, 7:20 AM","Nov 13, 7:27 AM",3,"2.765 (EOU: 0.607, LLM: 1.904, TTS: 0.254)",2.765,0.607,1.904,0.254
3206,"Nov 13, 7:20 AM","Nov 13, 7:27 AM",4,"2.231 (EOU: 0.619, LLM: 1.389, TTS: 0.223)",2.231,0.619,1.389,0.223
3206,"Nov 13, 7:20 AM","Nov 13, 7:27 AM",5,"2.594 (EOU: 0.632, LLM: 1.734, TTS: 0.228)",2.594,0.632,1.734,0.228
3206,"Nov 13, 7:20 AM","Nov 13, 7:27 AM",6,"2.054 (EOU: 0.621, LLM: 1.212, TTS: 0.221)",2.054,0.621,1.212,0.221
3206,"Nov 13, 7:20 AM","Nov 13, 7:27 AM",7,"2.605 (EOU: 0.622, LLM: 1.742, TTS: 0.241)",2.605,0.622,1.742,0.241
3206,"Nov 13, 7:20 AM","Nov 13, 7:27 AM",8,"1.961 (EOU: 0.634, LLM: 1.109, TTS: 0.219)",1.961,0.634,1.109,0.219
3206,"Nov 13, 7:20 AM","Nov 13, 7:27 AM",9,"2.877 (EOU: 0.635, LLM: 2.019, TTS: 0.223)",2.877,0.635,2.019,0.223
3206,"Nov 13, 7:20 AM","Nov 13, 7:27 AM",10,"3.216 (EOU: 0.643, LLM: 2.349, TTS: 0.223)",3.216,0.643,2.349,0.223
3206,"Nov 13, 7:20 AM","Nov 13, 7:27 AM",11,"4.864 (EOU: 0.622, LLM: 3.967, TTS: 0.275)",4.864,0.622,3.967,0.275
3206,"Nov 13, 7:20 AM","Nov 13, 7:27 AM",12,"2.724 (EOU: 0.650, LLM: 1.827, TTS: 0.247)",2.724,0.65,1.827,0.247
3206,"Nov 13, 7:20 AM","Nov 13, 7:27 AM",13,"13.512 (EOU: 0.625, LLM: 12.664, TTS: 0.222)",13.512,0.625,12.664,0.222
3206,"Nov 13, 7:20 AM","Nov 13, 7:27 AM",14,"4.441 (EOU: 0.608, LLM: 3.612, TTS: 0.220)",4.441,0.608,3.612,0.22
3206,"Nov 13, 7:20 AM","Nov 13, 7:27 AM",15,"11.010 (EOU: 0.707, LLM: 10.020, TTS: 0.282)",11.01,0.707,10.02,0.282
3206,"Nov 13, 7:20 AM","Nov 13, 7:27 AM",16,"2.231 (EOU: 0.625, LLM: 1.389, TTS: 0.217)",2.231,0.625,1.389,0.217
3206,"Nov 13, 7:20 AM","Nov 13, 7:27 AM",17,"3.681 (EOU: 0.623, LLM: 2.826, TTS: 0.233)",3.681,0.623,2.826,0.233
3206,"Nov 13, 7:20 AM","Nov 13, 7:27 AM",18,"5.216 (EOU: 0.648, LLM: 4.332, TTS: 0.236)",5.216,0.648,4.332,0.236
3206,"Nov 13, 7:20 AM","Nov 13, 7:27 AM",19,"3.716 (EOU: 0.659, LLM: 2.836, TTS: 0.221)",3.716,0.659,2.836,0.221
3206,"Nov 13, 7:20 AM","Nov 13, 7:27 AM",20,"6.248 (EOU: 0.628, LLM: 5.396, TTS: 0.224)",6.248,0.628,5.396,0.224
3206,"Nov 13, 7:20 AM","Nov 13, 7:27 AM",21,"4.551 (EOU: 0.632, LLM: 3.693, TTS: 0.227)",4.551,0.632,3.693,0.227
3206,"Nov 13, 7:20 AM","Nov 13, 7:27 AM",22,"3.860 (EOU: 0.701, LLM: 2.869, TTS: 0.290)",3.86,0.701,2.869,0.29
3206,"Nov 13, 7:20 AM","Nov 13, 7:27 AM",23,"6.130 (EOU: 0.609, LLM: 5.146, TTS: 0.375)",6.13,0.609,5.146,0.375
3206,"Nov 13, 7:20 AM","Nov 13, 7:27 AM",24,"5.667 (EOU: 0.606, LLM: 4.819, TTS: 0.242)",5.667,0.606,4.819,0.242
3206,"Nov 13, 7:20 AM","Nov 13, 7:27 AM",25,"6.352 (EOU: 0.606, LLM: 5.525, TTS: 0.221)",6.352,0.606,5.525,0.221
3206,"Nov 13, 7:20 AM","Nov 13, 7:27 AM",26,"2.244 (EOU: 0.598, LLM: 1.418, TTS: 0.229)",2.244,0.598,1.418,0.229
3206,"Nov 13, 7:20 AM","Nov 13, 7:27 AM",27,"3.411 (EOU: 0.605, LLM: 2.580, TTS: 0.226)",3.411,0.605,2.58,0.226
3206,"Nov 13, 7:20 AM","Nov 13, 7:27 AM",28,"2.765 (EOU: 0.607, LLM: 1.904, TTS: 0.254)",2.765,0.607,1.904,0.254
3206,"Nov 13, 7:20 AM","Nov 13, 7:27 AM",29,"2.231 (EOU: 0.619, LLM: 1.389, TTS: 0.223)",2.231,0.619,1.389,0.223
3206,"Nov 13, 7:20 AM","Nov 13, 7:27 AM",30,"2.594 (EOU: 0.632, LLM: 1.734, TTS: 0.228)",2.594,0.632,1.734,0.228
3206,"Nov 13, 7:20 AM","Nov 13, 7:27 AM",31,"2.054 (EOU: 0.621, LLM: 1.212, TTS: 0.221)",2.054,0.621,1.212,0.221
3206,"Nov 13, 7:20 AM","Nov 13, 7:27 AM",32,"2.605 (EOU: 0.622, LLM: 1.742, TTS: 0.241)",2.605,0.622,1.742,0.241
3206,"Nov 13, 7:20 AM","Nov 13, 7:27 AM",33,"1.961 (EOU: 0.634, LLM: 1.109, TTS: 0.219)",1.961,0.634,1.109,0.219
3206,"Nov 13, 7:20 AM","Nov 13, 7:27 AM",34,"2.877 (EOU: 0.635, LLM: 2.019, TTS: 0.223)",2.877,0.635,2.019,0.223
3206,"Nov 13, 7:20 AM","Nov 13, 7:27 AM",35,"3.216 (EOU: 0.643, LLM: 2.349, TTS: 0.223)",3.216,0.643,2.349,0.223
3206,"Nov 13, 7:20 AM","Nov 13, 7:27 AM",36,"4.864 (EOU: 0.622, LLM: 3.967, TTS: 0.275)",4.864,0.622,3.967,0.275
3206,"Nov 13, 7:20 AM","Nov 13, 7:27 AM",37,"2.724 (EOU: 0.650, LLM: 1.827, TTS: 0.247)",2.724,0.65,1.827,0.247
3206,"Nov 13, 7:20 AM","Nov 13, 7:27 AM",38,"13.512 (EOU: 0.625, LLM: 12.664, TTS: 0.222)",13.512,0.625,12.664,0.222
3206,"Nov 13, 7:20 AM","Nov 13, 7:27 AM",39,"4.441 (EOU: 0.608, LLM: 3.612, TTS: 0.220)",4.441,0.608,3.612,0.22
3206,"Nov 13, 7:20 AM","Nov 13, 7:27 AM",40,"11.010 (EOU: 0.707, LLM: 10.020, TTS: 0.282)",11.01,0.707,10.02,0.282
3206,"Nov 13, 7:20 AM","Nov 13, 7:27 AM",41,"2.231 (EOU: 0.625, LLM: 1.389, TTS: 0.217)",2.231,0.625,1.389,0.217
3206,"Nov 13, 7:20 AM","Nov 13, 7:27 AM",42,"3.681 (EOU: 0.623, LLM: 2.826, TTS: 0.233)",3.681,0.623,2.826,0.233
3206,"Nov 13, 7:20 AM","Nov 13, 7:27 AM",43,"5.216 (EOU: 0.648, LLM: 4.332, TTS: 0.236)",5.216,0.648,4.332,0.236
3206,"Nov 13, 7:20 AM","Nov 13, 7:27 AM",44,"3.716 (EOU: 0.659, LLM: 2.836, TTS: 0.221)",3.716,0.659,2.836,0.221
3206,"Nov 13, 7:20 AM","Nov 13, 7:27 AM",45,"6.248 (EOU: 0.628, LLM: 5.396, TTS: 0.224)",6.248,0.628,5.396,0.224
3206,"Nov 13, 7:20 AM","Nov 13, 7:27 AM",46,"4.551 (EOU: 0.632, LLM: 3.693, TTS: 0.227)",4.551,0.632,3.693,0.227
3206,"Nov 13, 7:20 AM","Nov 13, 7:27 AM",47,"3.860 (EOU: 0.701, LLM: 2.869, TTS: 0.290)",3.86,0.701,2.869,0.29
3206,"Nov 13, 7:20 AM","Nov 13, 7:27 AM",48,"6.130 (EOU: 0.609, LLM: 5.146, TTS: 0.375)",6.13,0.609,5.146,0.375
3206,"Nov 13, 7:20 AM","Nov 13, 7:27 AM",49,"5.667 (EOU: 0.606, LLM: 4.819, TTS: 0.242)",5.667,0.606,4.819,0.242
3206,"Nov 13, 7:20 AM","Nov 13, 7:27 AM",50,"6.352 (EOU: 0.606, LLM: 5.525, TTS: 0.221)",6.352,0.606,5.525,0.221
3201,"Nov 12, 3:52 PM","Nov 12, 3:56 PM",1,"2.034 (EOU: 0.603, LLM: 1.202, TTS: 0.230)",2.034,0.603,1.202,0.23
3201,"Nov 12, 3:52 PM","Nov 12, 3:56 PM",2,"2.208 (EOU: 0.604, LLM: 1.389, TTS: 0.215)",2.208,0.604,1.389,0.215
3201,"Nov 12, 3:52 PM","Nov 12, 3:56 PM",3,"6.312 (EOU: 0.603, LLM: 5.491, TTS: 0.219)",6.312,0.603,5.491,0.219
3201,"Nov 12, 3:52 PM","Nov 12, 3:56 PM",4,"3.010 (EOU: 0.627, LLM: 2.155, TTS: 0.229)",3.01,0.627,2.155,0.229
3201,"Nov 12, 3:52 PM","Nov 12, 3:56 PM",5,"2.032 (EOU: 0.609, LLM: 1.203, TTS: 0.220)",2.032,0.609,1.203,0.22
3201,"Nov 12, 3:52 PM","Nov 12, 3:56 PM",6,"1.747 (EOU: 0.606, LLM: 0.915, TTS: 0.226)",1.747,0.606,0.915,0.226
3201,"Nov 12, 3:52 PM","Nov 12, 3:56 PM",7,"2.133 (EOU: 0.610, LLM: 1.293, TTS: 0.230)",2.133,0.61,1.293,0.23
3201,"Nov 12, 3:52 PM","Nov 12, 3:56 PM",8,"6.553 (EOU: 0.598, LLM: 5.731, TTS: 0.223)",6.553,0.598,5.731,0.223
3201,"Nov 12, 3:52 PM","Nov 12, 3:56 PM",9,"3.444 (EOU: 0.657, LLM: 2.563, TTS: 0.225)",3.444,0.657,2.563,0.225
3201,"Nov 12, 3:52 PM","Nov 12, 3:56 PM",10,"10.658 (EOU: 0.603, LLM: 9.809, TTS: 0.247)",10.658,0.603,9.809,0.247
3201,"Nov 12, 3:52 PM","Nov 12, 3:56 PM",11,"1.896 (EOU: 0.605, LLM: 1.047, TTS: 0.243)",1.896,0.605,1.047,0.243
3201,"Nov 12, 3:52 PM","Nov 12, 3:56 PM",12,"4.177 (EOU: 0.665, LLM: 3.259, TTS: 0.253)",4.177,0.665,3.259,0.253
3201,"Nov 12, 3:52 PM","Nov 12, 3:56 PM",13,"3.620 (EOU: 0.610, LLM: 2.778, TTS: 0.232)",3.62,0.61,2.778,0.232
3201,"Nov 12, 3:52 PM","Nov 12, 3:56 PM",14,"3.485 (EOU: 0.605, LLM: 2.670, TTS: 0.210)",3.485,0.605,2.67,0.21
3201,"Nov 12, 3:52 PM","Nov 12, 3:56 PM",15,"4.583 (EOU: 0.607, LLM: 3.757, TTS: 0.219)",4.583,0.607,3.757,0.219
3201,"Nov 12, 3:52 PM","Nov 12, 3:56 PM",16,"1.820 (EOU: 0.607, LLM: 0.997, TTS: 0.216)",1.82,0.607,0.997,0.216
3191,"Nov 11, 2:29 PM","Nov 11, 2:31 PM",1,"13.384 (EOU: 10.592, LLM: 2.511, TTS: 0.281)",13.384,10.592,2.511,0.281
3191,"Nov 11, 2:29 PM","Nov 11, 2:31 PM",2,"3.374 (EOU: 0.595, LLM: 2.571, TTS: 0.209)",3.374,0.595,2.571,0.209
3191,"Nov 11, 2:29 PM","Nov 11, 2:31 PM",3,"5.027 (EOU: 2.062, LLM: 2.749, TTS: 0.216)",5.027,2.062,2.749,0.216
3191,"Nov 11, 2:29 PM","Nov 11, 2:31 PM",4,"13.384 (EOU: 10.592, LLM: 2.511, TTS: 0.281)",13.384,10.592,2.511,0.281
3191,"Nov 11, 2:29 PM","Nov 11, 2:31 PM",5,"3.374 (EOU: 0.595, LLM: 2.571, TTS: 0.209)",3.374,0.595,2.571,0.209
3191,"Nov 11, 2:29 PM","Nov 11, 2:31 PM",6,"5.027 (EOU: 2.062, LLM: 2.749, TTS: 0.216)",5.027,2.062,2.749,0.216
3189,"Nov 11, 2:27 PM","Nov 11, 2:28 PM",1,"13.099 (EOU: 10.181, LLM: 2.696, TTS: 0.222)",13.099,10.181,2.696,0.222
3189,"Nov 11, 2:27 PM","Nov 11, 2:28 PM",2,"8.730 (EOU: 6.001, LLM: 2.500, TTS: 0.229)",8.73,6.001,2.5,0.229
3189,"Nov 11, 2:27 PM","Nov 11, 2:28 PM",3,"10.237 (EOU: 7.736, LLM: 2.288, TTS: 0.212)",10.237,7.736,2.288,0.212
3188,"Nov 11, 2:24 PM","Nov 11, 2:26 PM",1,"2.341 (EOU: 0.600, LLM: 1.524, TTS: 0.217)",2.341,0.6,1.524,0.217
3188,"Nov 11, 2:24 PM","Nov 11, 2:26 PM",2,"7.672 (EOU: 6.001, LLM: 1.442, TTS: 0.229)",7.672,6.001,1.442,0.229
3188,"Nov 11, 2:24 PM","Nov 11, 2:26 PM",3,"6.319 (EOU: 0.617, LLM: 5.426, TTS: 0.277)",6.319,0.617,5.426,0.277
3188,"Nov 11, 2:24 PM","Nov 11, 2:26 PM",4,"2.341 (EOU: 0.600, LLM: 1.524, TTS: 0.217)",2.341,0.6,1.524,0.217
3188,"Nov 11, 2:24 PM","Nov 11, 2:26 PM",5,"7.672 (EOU: 6.001, LLM: 1.442, TTS: 0.229)",7.672,6.001,1.442,0.229
3188,"Nov 11, 2:24 PM","Nov 11, 2:26 PM",6,"6.319 (EOU: 0.617, LLM: 5.426, TTS: 0.277)",6.319,0.617,5.426,0.277
3181,"Nov 11, 8:35 AM","Nov 11, 8:36 AM",1,"4.179 (EOU: 0.603, LLM: 3.332, TTS: 0.244)",4.179,0.603,3.332,0.244
3176,"Nov 10, 9:06 AM","Nov 10, 9:07 AM",1,"3.173 (EOU: 0.632, LLM: 2.326, TTS: 0.215)",3.173,0.632,2.326,0.215
3176,"Nov 10, 9:06 AM","Nov 10, 9:07 AM",2,"3.664 (EOU: 0.613, LLM: 2.774, TTS: 0.277)",3.664,0.613,2.774,0.277
3176,"Nov 10, 9:06 AM","Nov 10, 9:07 AM",3,"3.173 (EOU: 0.632, LLM: 2.326, TTS: 0.215)",3.173,0.632,2.326,0.215
3176,"Nov 10, 9:06 AM","Nov 10, 9:07 AM",4,"3.664 (EOU: 0.613, LLM: 2.774, TTS: 0.277)",3.664,0.613,2.774,0.277
3132,"Nov 7, 11:38 AM","Nov 7, 11:39 AM",1,"2.445 (EOU: 0.598, LLM: 1.597, TTS: 0.250)",2.445,0.598,1.597,0.25
3132,"Nov 7, 11:38 AM","Nov 7, 11:39 AM",2,"4.696 (EOU: 3.413, LLM: 1.028, TTS: 0.255)",4.696,3.413,1.028,0.255
3132,"Nov 7, 11:38 AM","Nov 7, 11:39 AM",3,"7.662 (EOU: 6.000, LLM: 1.352, TTS: 0.309)",7.662,6.0,1.352,0.309
3132,"Nov 7, 11:38 AM","Nov 7, 11:39 AM",4,"9.265 (EOU: 7.743, LLM: 1.257, TTS: 0.265)",9.265,7.743,1.257,0.265
3132,"Nov 7, 11:38 AM","Nov 7, 11:39 AM",5,"2.445 (EOU: 0.598, LLM: 1.597, TTS: 0.250)",2.445,0.598,1.597,0.25
3132,"Nov 7, 11:38 AM","Nov 7, 11:39 AM",6,"4.696 (EOU: 3.413, LLM: 1.028, TTS: 0.255)",4.696,3.413,1.028,0.255
3132,"Nov 7, 11:38 AM","Nov 7, 11:39 AM",7,"7.662 (EOU: 6.000, LLM: 1.352, TTS: 0.309)",7.662,6.0,1.352,0.309
3132,"Nov 7, 11:38 AM","Nov 7, 11:39 AM",8,"9.265 (EOU: 7.743, LLM: 1.257, TTS: 0.265)",9.265,7.743,1.257,0.265
3131,"Nov 7, 11:37 AM","Nov 7, 11:38 AM",1,"2.449 (EOU: 0.598, LLM: 1.583, TTS: 0.268)",2.449,0.598,1.583,0.268
3131,"Nov 7, 11:37 AM","Nov 7, 11:38 AM",2,"6.145 (EOU: 4.844, LLM: 1.096, TTS: 0.205)",6.145,4.844,1.096,0.205
3131,"Nov 7, 11:37 AM","Nov 7, 11:38 AM",3,"4.104 (EOU: 2.660, LLM: 1.172, TTS: 0.273)",4.104,2.66,1.172,0.273
3131,"Nov 7, 11:37 AM","Nov 7, 11:38 AM",4,"3.036 (EOU: 1.606, LLM: 1.075, TTS: 0.354)",3.036,1.606,1.075,0.354
3130,"Nov 7, 11:36 AM","Nov 7, 11:36 AM",1,"16.668 (EOU: 14.544, LLM: 1.863, TTS: 0.261)",16.668,14.544,1.863,0.261
3130,"Nov 7, 11:36 AM","Nov 7, 11:36 AM",2,"4.078 (EOU: 2.729, LLM: 1.144, TTS: 0.205)",4.078,2.729,1.144,0.205
3130,"Nov 7, 11:36 AM","Nov 7, 11:36 AM",3,"16.668 (EOU: 14.544, LLM: 1.863, TTS: 0.261)",16.668,14.544,1.863,0.261
3130,"Nov 7, 11:36 AM","Nov 7, 11:36 AM",4,"4.078 (EOU: 2.729, LLM: 1.144, TTS: 0.205)",4.078,2.729,1.144,0.205
3129,"Nov 7, 11:13 AM","Nov 7, 11:14 AM",1,"16.410 (EOU: 14.037, LLM: 2.111, TTS: 0.263)",16.41,14.037,2.111,0.263
3129,"Nov 7, 11:13 AM","Nov 7, 11:14 AM",2,"46.570 (EOU: 45.254, LLM: 1.100, TTS: 0.215)",46.57,45.254,1.1,0.215
3129,"Nov 7, 11:13 AM","Nov 7, 11:14 AM",3,"16.410 (EOU: 14.037, LLM: 2.111, TTS: 0.263)",16.41,14.037,2.111,0.263
3129,"Nov 7, 11:13 AM","Nov 7, 11:14 AM",4,"46.570 (EOU: 45.254, LLM: 1.100, TTS: 0.215)",46.57,45.254,1.1,0.215
3128,"Nov 7, 11:12 AM","Nov 7, 11:13 AM",1,"2.595 (EOU: 0.845, LLM: 1.535, TTS: 0.214)",2.595,0.845,1.535,0.214
3128,"Nov 7, 11:12 AM","Nov 7, 11:13 AM",2,"3.923 (EOU: 2.707, LLM: 1.014, TTS: 0.202)",3.923,2.707,1.014,0.202
3128,"Nov 7, 11:12 AM","Nov 7, 11:13 AM",3,"15.858 (EOU: 14.235, LLM: 1.423, TTS: 0.199)",15.858,14.235,1.423,0.199
3128,"Nov 7, 11:12 AM","Nov 7, 11:13 AM",4,"7.965 (EOU: 6.239, LLM: 1.520, TTS: 0.206)",7.965,6.239,1.52,0.206
3128,"Nov 7, 11:12 AM","Nov 7, 11:13 AM",5,"12.718 (EOU: 11.533, LLM: 0.971, TTS: 0.214)",12.718,11.533,0.971,0.214
3128,"Nov 7, 11:12 AM","Nov 7, 11:13 AM",6,"2.595 (EOU: 0.845, LLM: 1.535, TTS: 0.214)",2.595,0.845,1.535,0.214
3128,"Nov 7, 11:12 AM","Nov 7, 11:13 AM",7,"3.923 (EOU: 2.707, LLM: 1.014, TTS: 0.202)",3.923,2.707,1.014,0.202
3128,"Nov 7, 11:12 AM","Nov 7, 11:13 AM",8,"15.858 (EOU: 14.235, LLM: 1.423, TTS: 0.199)",15.858,14.235,1.423,0.199
3128,"Nov 7, 11:12 AM","Nov 7, 11:13 AM",9,"7.965 (EOU: 6.239, LLM: 1.520, TTS: 0.206)",7.965,6.239,1.52,0.206
3128,"Nov 7, 11:12 AM","Nov 7, 11:13 AM",10,"12.718 (EOU: 11.533, LLM: 0.971, TTS: 0.214)",12.718,11.533,0.971,0.214
3118,"Nov 6, 12:17 PM","Nov 6, 12:18 PM",1,"4.141 (EOU: 2.376, LLM: 1.470, TTS: 0.296)",4.141,2.376,1.47,0.296
3118,"Nov 6, 12:17 PM","Nov 6, 12:18 PM",2,"4.422 (EOU: 3.007, LLM: 1.191, TTS: 0.224)",4.422,3.007,1.191,0.224
3118,"Nov 6, 12:17 PM","Nov 6, 12:18 PM",3,"13.944 (EOU: 12.445, LLM: 1.239, TTS: 0.261)",13.944,12.445,1.239,0.261
3118,"Nov 6, 12:17 PM","Nov 6, 12:18 PM",4,"4.141 (EOU: 2.376, LLM: 1.470, TTS: 0.296)",4.141,2.376,1.47,0.296
3118,"Nov 6, 12:17 PM","Nov 6, 12:18 PM",5,"4.422 (EOU: 3.007, LLM: 1.191, TTS: 0.224)",4.422,3.007,1.191,0.224
3118,"Nov 6, 12:17 PM","Nov 6, 12:18 PM",6,"13.944 (EOU: 12.445, LLM: 1.239, TTS: 0.261)",13.944,12.445,1.239,0.261
3117,"Nov 6, 12:16 PM","Nov 6, 12:17 PM",1,"4.216 (EOU: 2.479, LLM: 1.469, TTS: 0.268)",4.216,2.479,1.469,0.268
3117,"Nov 6, 12:16 PM","Nov 6, 12:17 PM",2,"6.897 (EOU: 5.454, LLM: 1.211, TTS: 0.232)",6.897,5.454,1.211,0.232
3117,"Nov 6, 12:16 PM","Nov 6, 12:17 PM",3,"8.881 (EOU: 7.513, LLM: 1.105, TTS: 0.263)",8.881,7.513,1.105,0.263
3117,"Nov 6, 12:16 PM","Nov 6, 12:17 PM",4,"2.374 (EOU: 0.981, LLM: 1.184, TTS: 0.210)",2.374,0.981,1.184,0.21
3117,"Nov 6, 12:16 PM","Nov 6, 12:17 PM",5,"4.268 (EOU: 2.883, LLM: 1.127, TTS: 0.258)",4.268,2.883,1.127,0.258
3117,"Nov 6, 12:16 PM","Nov 6, 12:17 PM",6,"1.966 (EOU: 0.600, LLM: 0.986, TTS: 0.380)",1.966,0.6,0.986,0.38
3117,"Nov 6, 12:16 PM","Nov 6, 12:17 PM",7,"4.435 (EOU: 3.094, LLM: 1.091, TTS: 0.250)",4.435,3.094,1.091,0.25
3117,"Nov 6, 12:16 PM","Nov 6, 12:17 PM",8,"7.624 (EOU: 5.757, LLM: 1.654, TTS: 0.212)",7.624,5.757,1.654,0.212
3117,"Nov 6, 12:16 PM","Nov 6, 12:17 PM",9,"10.443 (EOU: 8.924, LLM: 1.244, TTS: 0.275)",10.443,8.924,1.244,0.275
3117,"Nov 6, 12:16 PM","Nov 6, 12:17 PM",10,"4.216 (EOU: 2.479, LLM: 1.469, TTS: 0.268)",4.216,2.479,1.469,0.268
3117,"Nov 6, 12:16 PM","Nov 6, 12:17 PM",11,"6.897 (EOU: 5.454, LLM: 1.211, TTS: 0.232)",6.897,5.454,1.211,0.232
3117,"Nov 6, 12:16 PM","Nov 6, 12:17 PM",12,"8.881 (EOU: 7.513, LLM: 1.105, TTS: 0.263)",8.881,7.513,1.105,0.263
3117,"Nov 6, 12:16 PM","Nov 6, 12:17 PM",13,"2.374 (EOU: 0.981, LLM: 1.184, TTS: 0.210)",2.374,0.981,1.184,0.21
3117,"Nov 6, 12:16 PM","Nov 6, 12:17 PM",14,"4.268 (EOU: 2.883, LLM: 1.127, TTS: 0.258)",4.268,2.883,1.127,0.258
3117,"Nov 6, 12:16 PM","Nov 6, 12:17 PM",15,"1.966 (EOU: 0.600, LLM: 0.986, TTS: 0.380)",1.966,0.6,0.986,0.38
3117,"Nov 6, 12:16 PM","Nov 6, 12:17 PM",16,"4.435 (EOU: 3.094, LLM: 1.091, TTS: 0.250)",4.435,3.094,1.091,0.25
3117,"Nov 6, 12:16 PM","Nov 6, 12:17 PM",17,"7.624 (EOU: 5.757, LLM: 1.654, TTS: 0.212)",7.624,5.757,1.654,0.212
3117,"Nov 6, 12:16 PM","Nov 6, 12:17 PM",18,"10.443 (EOU: 8.924, LLM: 1.244, TTS: 0.275)",10.443,8.924,1.244,0.275
3115,"Nov 6, 12:13 PM","Nov 6, 12:14 PM",1,"16.096 (EOU: 14.657, LLM: 1.178, TTS: 0.260)",16.096,14.657,1.178,0.26
3115,"Nov 6, 12:13 PM","Nov 6, 12:14 PM",2,"18.562 (EOU: 17.323, LLM: 0.972, TTS: 0.266)",18.562,17.323,0.972,0.266
3115,"Nov 6, 12:13 PM","Nov 6, 12:14 PM",3,"21.414 (EOU: 19.628, LLM: 1.517, TTS: 0.268)",21.414,19.628,1.517,0.268
3115,"Nov 6, 12:13 PM","Nov 6, 12:14 PM",4,"7.447 (EOU: 5.922, LLM: 1.314, TTS: 0.211)",7.447,5.922,1.314,0.211
3115,"Nov 6, 12:13 PM","Nov 6, 12:14 PM",5,"16.096 (EOU: 14.657, LLM: 1.178, TTS: 0.260)",16.096,14.657,1.178,0.26
3115,"Nov 6, 12:13 PM","Nov 6, 12:14 PM",6,"18.562 (EOU: 17.323, LLM: 0.972, TTS: 0.266)",18.562,17.323,0.972,0.266
3115,"Nov 6, 12:13 PM","Nov 6, 12:14 PM",7,"21.414 (EOU: 19.628, LLM: 1.517, TTS: 0.268)",21.414,19.628,1.517,0.268
3115,"Nov 6, 12:13 PM","Nov 6, 12:14 PM",8,"7.447 (EOU: 5.922, LLM: 1.314, TTS: 0.211)",7.447,5.922,1.314,0.211
3113,"Nov 6, 12:12 PM","Nov 6, 12:12 PM",1,"7.015 (EOU: 4.426, LLM: 2.361, TTS: 0.228)",7.015,4.426,2.361,0.228
3113,"Nov 6, 12:12 PM","Nov 6, 12:12 PM",2,"7.015 (EOU: 4.426, LLM: 2.361, TTS: 0.228)",7.015,4.426,2.361,0.228
3106,"Nov 6, 8:14 AM","Nov 6, 8:15 AM",1,"13.679 (EOU: 12.046, LLM: 1.379, TTS: 0.254)",13.679,12.046,1.379,0.254
3106,"Nov 6, 8:14 AM","Nov 6, 8:15 AM",2,"5.037 (EOU: 3.476, LLM: 1.186, TTS: 0.375)",5.037,3.476,1.186,0.375
3106,"Nov 6, 8:14 AM","Nov 6, 8:15 AM",3,"3.456 (EOU: 0.916, LLM: 2.322, TTS: 0.219)",3.456,0.916,2.322,0.219
3106,"Nov 6, 8:14 AM","Nov 6, 8:15 AM",4,"5.019 (EOU: 3.512, LLM: 1.298, TTS: 0.209)",5.019,3.512,1.298,0.209
3093,"Nov 5, 1:58 PM","Nov 5, 1:59 PM",1,"1.920 (EOU: 0.592, LLM: 1.064, TTS: 0.263)",1.92,0.592,1.064,0.263
3093,"Nov 5, 1:58 PM","Nov 5, 1:59 PM",2,"6.178 (EOU: 0.606, LLM: 5.328, TTS: 0.243)",6.178,0.606,5.328,0.243
3093,"Nov 5, 1:58 PM","Nov 5, 1:59 PM",3,"1.920 (EOU: 0.592, LLM: 1.064, TTS: 0.263)",1.92,0.592,1.064,0.263
3093,"Nov 5, 1:58 PM","Nov 5, 1:59 PM",4,"6.178 (EOU: 0.606, LLM: 5.328, TTS: 0.243)",6.178,0.606,5.328,0.243
3092,"Nov 5, 1:54 PM","Nov 5, 1:56 PM",1,"4.513 (EOU: 3.001, LLM: 1.265, TTS: 0.246)",4.513,3.001,1.265,0.246
3092,"Nov 5, 1:54 PM","Nov 5, 1:56 PM",2,"6.046 (EOU: 3.001, LLM: 2.798, TTS: 0.247)",6.046,3.001,2.798,0.247
3092,"Nov 5, 1:54 PM","Nov 5, 1:56 PM",3,"2.242 (EOU: 0.601, LLM: 1.333, TTS: 0.307)",2.242,0.601,1.333,0.307
3092,"Nov 5, 1:54 PM","Nov 5, 1:56 PM",4,"4.513 (EOU: 3.001, LLM: 1.265, TTS: 0.246)",4.513,3.001,1.265,0.246
3092,"Nov 5, 1:54 PM","Nov 5, 1:56 PM",5,"6.046 (EOU: 3.001, LLM: 2.798, TTS: 0.247)",6.046,3.001,2.798,0.247
3092,"Nov 5, 1:54 PM","Nov 5, 1:56 PM",6,"2.242 (EOU: 0.601, LLM: 1.333, TTS: 0.307)",2.242,0.601,1.333,0.307
3065,"Nov 5, 11:45 AM","Nov 5, 11:46 AM",1,"2.854 (EOU: 1.567, LLM: 1.061, TTS: 0.226)",2.854,1.567,1.061,0.226
3065,"Nov 5, 11:45 AM","Nov 5, 11:46 AM",2,"5.478 (EOU: 4.111, LLM: 1.053, TTS: 0.315)",5.478,4.111,1.053,0.315
3065,"Nov 5, 11:45 AM","Nov 5, 11:46 AM",3,"4.655 (EOU: 3.000, LLM: 1.447, TTS: 0.207)",4.655,3.0,1.447,0.207
3065,"Nov 5, 11:45 AM","Nov 5, 11:46 AM",4,"3.859 (EOU: 2.439, LLM: 1.156, TTS: 0.264)",3.859,2.439,1.156,0.264
3065,"Nov 5, 11:45 AM","Nov 5, 11:46 AM",5,"6.097 (EOU: 4.739, LLM: 1.154, TTS: 0.204)",6.097,4.739,1.154,0.204
3065,"Nov 5, 11:45 AM","Nov 5, 11:46 AM",6,"3.089 (EOU: 0.777, LLM: 2.041, TTS: 0.271)",3.089,0.777,2.041,0.271
3061,"Nov 5, 11:36 AM","Nov 5, 11:37 AM",1,"8.547 (EOU: 5.314, LLM: 2.964, TTS: 0.269)",8.547,5.314,2.964,0.269
3061,"Nov 5, 11:36 AM","Nov 5, 11:37 AM",2,"13.098 (EOU: 9.608, LLM: 3.278, TTS: 0.213)",13.098,9.608,3.278,0.213
3061,"Nov 5, 11:36 AM","Nov 5, 11:37 AM",3,"15.394 (EOU: 13.908, LLM: 1.282, TTS: 0.204)",15.394,13.908,1.282,0.204
3061,"Nov 5, 11:36 AM","Nov 5, 11:37 AM",4,"8.547 (EOU: 5.314, LLM: 2.964, TTS: 0.269)",8.547,5.314,2.964,0.269
3061,"Nov 5, 11:36 AM","Nov 5, 11:37 AM",5,"13.098 (EOU: 9.608, LLM: 3.278, TTS: 0.213)",13.098,9.608,3.278,0.213
3061,"Nov 5, 11:36 AM","Nov 5, 11:37 AM",6,"15.394 (EOU: 13.908, LLM: 1.282, TTS: 0.204)",15.394,13.908,1.282,0.204
3036,"Nov 5, 7:29 AM","Nov 5, 7:32 AM",1,"2.382 (EOU: 0.590, LLM: 1.551, TTS: 0.241)",2.382,0.59,1.551,0.241
3036,"Nov 5, 7:29 AM","Nov 5, 7:32 AM",2,"2.686 (EOU: 0.606, LLM: 1.853, TTS: 0.227)",2.686,0.606,1.853,0.227
3036,"Nov 5, 7:29 AM","Nov 5, 7:32 AM",3,"2.923 (EOU: 0.609, LLM: 2.072, TTS: 0.242)",2.923,0.609,2.072,0.242
3036,"Nov 5, 7:29 AM","Nov 5, 7:32 AM",4,"6.721 (EOU: 0.610, LLM: 5.904, TTS: 0.206)",6.721,0.61,5.904,0.206
3036,"Nov 5, 7:29 AM","Nov 5, 7:32 AM",5,"4.496 (EOU: 0.626, LLM: 3.616, TTS: 0.254)",4.496,0.626,3.616,0.254
3036,"Nov 5, 7:29 AM","Nov 5, 7:32 AM",6,"4.281 (EOU: 0.655, LLM: 3.373, TTS: 0.254)",4.281,0.655,3.373,0.254
3036,"Nov 5, 7:29 AM","Nov 5, 7:32 AM",7,"2.669 (EOU: 0.625, LLM: 1.814, TTS: 0.230)",2.669,0.625,1.814,0.23
3024,"Nov 5, 6:55 AM","Nov 5, 6:57 AM",1,"1.805 (EOU: 0.613, LLM: 0.973, TTS: 0.219)",1.805,0.613,0.973,0.219
3024,"Nov 5, 6:55 AM","Nov 5, 6:57 AM",2,"4.172 (EOU: 3.001, LLM: 0.959, TTS: 0.212)",4.172,3.001,0.959,0.212
3024,"Nov 5, 6:55 AM","Nov 5, 6:57 AM",3,"1.644 (EOU: 0.617, LLM: 0.818, TTS: 0.210)",1.644,0.617,0.818,0.21
3024,"Nov 5, 6:55 AM","Nov 5, 6:57 AM",4,"1.835 (EOU: 0.598, LLM: 1.028, TTS: 0.208)",1.835,0.598,1.028,0.208
3024,"Nov 5, 6:55 AM","Nov 5, 6:57 AM",5,"2.229 (EOU: 0.603, LLM: 1.398, TTS: 0.228)",2.229,0.603,1.398,0.228
3024,"Nov 5, 6:55 AM","Nov 5, 6:57 AM",6,"2.208 (EOU: 0.608, LLM: 1.387, TTS: 0.213)",2.208,0.608,1.387,0.213
3024,"Nov 5, 6:55 AM","Nov 5, 6:57 AM",7,"1.805 (EOU: 0.613, LLM: 0.973, TTS: 0.219)",1.805,0.613,0.973,0.219
3024,"Nov 5, 6:55 AM","Nov 5, 6:57 AM",8,"4.172 (EOU: 3.001, LLM: 0.959, TTS: 0.212)",4.172,3.001,0.959,0.212
3024,"Nov 5, 6:55 AM","Nov 5, 6:57 AM",9,"1.644 (EOU: 0.617, LLM: 0.818, TTS: 0.210)",1.644,0.617,0.818,0.21
3024,"Nov 5, 6:55 AM","Nov 5, 6:57 AM",10,"1.835 (EOU: 0.598, LLM: 1.028, TTS: 0.208)",1.835,0.598,1.028,0.208
3024,"Nov 5, 6:55 AM","Nov 5, 6:57 AM",11,"2.229 (EOU: 0.603, LLM: 1.398, TTS: 0.228)",2.229,0.603,1.398,0.228
3024,"Nov 5, 6:55 AM","Nov 5, 6:57 AM",12,"2.208 (EOU: 0.608, LLM: 1.387, TTS: 0.213)",2.208,0.608,1.387,0.213
2971,"Oct 31, 11:15 AM","Oct 31, 11:16 AM",1,"3.062 (EOU: 0.751, LLM: 2.109, TTS: 0.203)",3.062,0.751,2.109,0.203
2971,"Oct 31, 11:15 AM","Oct 31, 11:16 AM",2,"2.258 (EOU: 0.615, LLM: 1.443, TTS: 0.200)",2.258,0.615,1.443,0.2
2971,"Oct 31, 11:15 AM","Oct 31, 11:16 AM",3,"2.422 (EOU: 0.634, LLM: 1.615, TTS: 0.173)",2.422,0.634,1.615,0.173
2971,"Oct 31, 11:15 AM","Oct 31, 11:16 AM",4,"2.411 (EOU: 0.640, LLM: 1.583, TTS: 0.188)",2.411,0.64,1.583,0.188
2971,"Oct 31, 11:15 AM","Oct 31, 11:16 AM",5,"3.062 (EOU: 0.751, LLM: 2.109, TTS: 0.203)",3.062,0.751,2.109,0.203
2971,"Oct 31, 11:15 AM","Oct 31, 11:16 AM",6,"2.258 (EOU: 0.615, LLM: 1.443, TTS: 0.200)",2.258,0.615,1.443,0.2
2971,"Oct 31, 11:15 AM","Oct 31, 11:16 AM",7,"2.422 (EOU: 0.634, LLM: 1.615, TTS: 0.173)",2.422,0.634,1.615,0.173
2971,"Oct 31, 11:15 AM","Oct 31, 11:16 AM",8,"2.411 (EOU: 0.640, LLM: 1.583, TTS: 0.188)",2.411,0.64,1.583,0.188
2962,"Oct 31, 10:53 AM","Oct 31, 10:53 AM",1,"2.041 (EOU: 0.591, LLM: 1.253, TTS: 0.198)",2.041,0.591,1.253,0.198
2962,"Oct 31, 10:53 AM","Oct 31, 10:53 AM",2,"1.831 (EOU: 0.625, LLM: 1.012, TTS: 0.195)",1.831,0.625,1.012,0.195
2962,"Oct 31, 10:53 AM","Oct 31, 10:53 AM",3,"2.120 (EOU: 0.628, LLM: 1.301, TTS: 0.191)",2.12,0.628,1.301,0.191
2962,"Oct 31, 10:53 AM","Oct 31, 10:53 AM",4,"2.041 (EOU: 0.591, LLM: 1.253, TTS: 0.198)",2.041,0.591,1.253,0.198
2962,"Oct 31, 10:53 AM","Oct 31, 10:53 AM",5,"1.831 (EOU: 0.625, LLM: 1.012, TTS: 0.195)",1.831,0.625,1.012,0.195
2962,"Oct 31, 10:53 AM","Oct 31, 10:53 AM",6,"2.120 (EOU: 0.628, LLM: 1.301, TTS: 0.191)",2.12,0.628,1.301,0.191
2956,"Oct 31, 10:06 AM","Oct 31, 10:08 AM",1,"2.125 (EOU: 0.607, LLM: 1.319, TTS: 0.198)",2.125,0.607,1.319,0.198
2956,"Oct 31, 10:06 AM","Oct 31, 10:08 AM",2,"2.115 (EOU: 0.620, LLM: 1.314, TTS: 0.181)",2.115,0.62,1.314,0.181
2956,"Oct 31, 10:06 AM","Oct 31, 10:08 AM",3,"2.674 (EOU: 0.607, LLM: 1.901, TTS: 0.167)",2.674,0.607,1.901,0.167
2956,"Oct 31, 10:06 AM","Oct 31, 10:08 AM",4,"5.830 (EOU: 0.644, LLM: 4.959, TTS: 0.227)",5.83,0.644,4.959,0.227
2956,"Oct 31, 10:06 AM","Oct 31, 10:08 AM",5,"4.110 (EOU: 0.601, LLM: 3.264, TTS: 0.245)",4.11,0.601,3.264,0.245
2956,"Oct 31, 10:06 AM","Oct 31, 10:08 AM",6,"3.740 (EOU: 0.614, LLM: 2.905, TTS: 0.221)",3.74,0.614,2.905,0.221
2956,"Oct 31, 10:06 AM","Oct 31, 10:08 AM",7,"2.122 (EOU: 0.634, LLM: 1.297, TTS: 0.190)",2.122,0.634,1.297,0.19
2888,"Oct 27, 11:14 AM","Oct 27, 11:17 AM",1,"2.125 (EOU: 0.601, LLM: 1.284, TTS: 0.240)",2.125,0.601,1.284,0.24
2888,"Oct 27, 11:14 AM","Oct 27, 11:17 AM",2,"2.902 (EOU: 0.598, LLM: 2.081, TTS: 0.222)",2.902,0.598,2.081,0.222
2888,"Oct 27, 11:14 AM","Oct 27, 11:17 AM",3,"2.258 (EOU: 0.608, LLM: 1.424, TTS: 0.226)",2.258,0.608,1.424,0.226
2888,"Oct 27, 11:14 AM","Oct 27, 11:17 AM",4,"2.937 (EOU: 0.593, LLM: 2.111, TTS: 0.232)",2.937,0.593,2.111,0.232
2888,"Oct 27, 11:14 AM","Oct 27, 11:17 AM",5,"2.321 (EOU: 0.604, LLM: 1.426, TTS: 0.291)",2.321,0.604,1.426,0.291
2888,"Oct 27, 11:14 AM","Oct 27, 11:17 AM",6,"2.827 (EOU: 0.607, LLM: 1.934, TTS: 0.287)",2.827,0.607,1.934,0.287
2888,"Oct 27, 11:14 AM","Oct 27, 11:17 AM",7,"4.851 (EOU: 3.000, LLM: 1.547, TTS: 0.304)",4.851,3.0,1.547,0.304
2888,"Oct 27, 11:14 AM","Oct 27, 11:17 AM",8,"3.943 (EOU: 0.607, LLM: 3.046, TTS: 0.290)",3.943,0.607,3.046,0.29
2888,"Oct 27, 11:14 AM","Oct 27, 11:17 AM",9,"3.233 (EOU: 1.034, LLM: 1.893, TTS: 0.306)",3.233,1.034,1.893,0.306
2888,"Oct 27, 11:14 AM","Oct 27, 11:17 AM",10,"2.125 (EOU: 0.601, LLM: 1.284, TTS: 0.240)",2.125,0.601,1.284,0.24
2888,"Oct 27, 11:14 AM","Oct 27, 11:17 AM",11,"2.902 (EOU: 0.598, LLM: 2.081, TTS: 0.222)",2.902,0.598,2.081,0.222
2888,"Oct 27, 11:14 AM","Oct 27, 11:17 AM",12,"2.258 (EOU: 0.608, LLM: 1.424, TTS: 0.226)",2.258,0.608,1.424,0.226
2888,"Oct 27, 11:14 AM","Oct 27, 11:17 AM",13,"2.937 (EOU: 0.593, LLM: 2.111, TTS: 0.232)",2.937,0.593,2.111,0.232
2888,"Oct 27, 11:14 AM","Oct 27, 11:17 AM",14,"2.321 (EOU: 0.604, LLM: 1.426, TTS: 0.291)",2.321,0.604,1.426,0.291
2888,"Oct 27, 11:14 AM","Oct 27, 11:17 AM",15,"2.827 (EOU: 0.607, LLM: 1.934, TTS: 0.287)",2.827,0.607,1.934,0.287
2888,"Oct 27, 11:14 AM","Oct 27, 11:17 AM",16,"4.851 (EOU: 3.000, LLM: 1.547, TTS: 0.304)",4.851,3.0,1.547,0.304
2888,"Oct 27, 11:14 AM","Oct 27, 11:17 AM",17,"3.943 (EOU: 0.607, LLM: 3.046, TTS: 0.290)",3.943,0.607,3.046,0.29
2888,"Oct 27, 11:14 AM","Oct 27, 11:17 AM",18,"3.233 (EOU: 1.034, LLM: 1.893, TTS: 0.306)",3.233,1.034,1.893,0.306
2886,"Oct 27, 11:09 AM","Oct 27, 11:13 AM",1,"2.375 (EOU: 0.592, LLM: 1.594, TTS: 0.189)",2.375,0.592,1.594,0.189
2886,"Oct 27, 11:09 AM","Oct 27, 11:13 AM",2,"4.051 (EOU: 0.608, LLM: 3.272, TTS: 0.171)",4.051,0.608,3.272,0.171
2886,"Oct 27, 11:09 AM","Oct 27, 11:13 AM",3,"2.715 (EOU: 0.665, LLM: 1.866, TTS: 0.184)",2.715,0.665,1.866,0.184
2886,"Oct 27, 11:09 AM","Oct 27, 11:13 AM",4,"2.254 (EOU: 0.598, LLM: 1.489, TTS: 0.168)",2.254,0.598,1.489,0.168
2886,"Oct 27, 11:09 AM","Oct 27, 11:13 AM",5,"2.577 (EOU: 0.608, LLM: 1.788, TTS: 0.182)",2.577,0.608,1.788,0.182
2886,"Oct 27, 11:09 AM","Oct 27, 11:13 AM",6,"2.420 (EOU: 0.607, LLM: 1.625, TTS: 0.188)",2.42,0.607,1.625,0.188
2886,"Oct 27, 11:09 AM","Oct 27, 11:13 AM",7,"2.243 (EOU: 0.643, LLM: 1.415, TTS: 0.184)",2.243,0.643,1.415,0.184
2886,"Oct 27, 11:09 AM","Oct 27, 11:13 AM",8,"2.457 (EOU: 0.602, LLM: 1.673, TTS: 0.182)",2.457,0.602,1.673,0.182
2886,"Oct 27, 11:09 AM","Oct 27, 11:13 AM",9,"4.228 (EOU: 0.598, LLM: 3.401, TTS: 0.229)",4.228,0.598,3.401,0.229
2886,"Oct 27, 11:09 AM","Oct 27, 11:13 AM",10,"4.334 (EOU: 0.625, LLM: 3.483, TTS: 0.226)",4.334,0.625,3.483,0.226
2886,"Oct 27, 11:09 AM","Oct 27, 11:13 AM",11,"2.599 (EOU: 0.624, LLM: 1.797, TTS: 0.178)",2.599,0.624,1.797,0.178
2886,"Oct 27, 11:09 AM","Oct 27, 11:13 AM",12,"8.612 (EOU: 6.655, LLM: 1.789, TTS: 0.169)",8.612,6.655,1.789,0.169
2886,"Oct 27, 11:09 AM","Oct 27, 11:13 AM",13,"2.375 (EOU: 0.592, LLM: 1.594, TTS: 0.189)",2.375,0.592,1.594,0.189
2886,"Oct 27, 11:09 AM","Oct 27, 11:13 AM",14,"4.051 (EOU: 0.608, LLM: 3.272, TTS: 0.171)",4.051,0.608,3.272,0.171
2886,"Oct 27, 11:09 AM","Oct 27, 11:13 AM",15,"2.715 (EOU: 0.665, LLM: 1.866, TTS: 0.184)",2.715,0.665,1.866,0.184
2886,"Oct 27, 11:09 AM","Oct 27, 11:13 AM",16,"2.254 (EOU: 0.598, LLM: 1.489, TTS: 0.168)",2.254,0.598,1.489,0.168
2886,"Oct 27, 11:09 AM","Oct 27, 11:13 AM",17,"2.577 (EOU: 0.608, LLM: 1.788, TTS: 0.182)",2.577,0.608,1.788,0.182
2886,"Oct 27, 11:09 AM","Oct 27, 11:13 AM",18,"2.420 (EOU: 0.607, LLM: 1.625, TTS: 0.188)",2.42,0.607,1.625,0.188
2886,"Oct 27, 11:09 AM","Oct 27, 11:13 AM",19,"2.243 (EOU: 0.643, LLM: 1.415, TTS: 0.184)",2.243,0.643,1.415,0.184
2886,"Oct 27, 11:09 AM","Oct 27, 11:13 AM",20,"2.457 (EOU: 0.602, LLM: 1.673, TTS: 0.182)",2.457,0.602,1.673,0.182
2886,"Oct 27, 11:09 AM","Oct 27, 11:13 AM",21,"4.228 (EOU: 0.598, LLM: 3.401, TTS: 0.229)",4.228,0.598,3.401,0.229
2886,"Oct 27, 11:09 AM","Oct 27, 11:13 AM",22,"4.334 (EOU: 0.625, LLM: 3.483, TTS: 0.226)",4.334,0.625,3.483,0.226
2886,"Oct 27, 11:09 AM","Oct 27, 11:13 AM",23,"2.599 (EOU: 0.624, LLM: 1.797, TTS: 0.178)",2.599,0.624,1.797,0.178
2886,"Oct 27, 11:09 AM","Oct 27, 11:13 AM",24,"8.612 (EOU: 6.655, LLM: 1.789, TTS: 0.169)",8.612,6.655,1.789,0.169
2885,"Oct 27, 10:51 AM","Oct 27, 10:53 AM",1,"2.297 (EOU: 0.591, LLM: 1.501, TTS: 0.205)",2.297,0.591,1.501,0.205
2885,"Oct 27, 10:51 AM","Oct 27, 10:53 AM",2,"1.931 (EOU: 0.602, LLM: 1.146, TTS: 0.183)",1.931,0.602,1.146,0.183
2885,"Oct 27, 10:51 AM","Oct 27, 10:53 AM",3,"4.215 (EOU: 3.000, LLM: 0.997, TTS: 0.217)",4.215,3.0,0.997,0.217
2885,"Oct 27, 10:51 AM","Oct 27, 10:53 AM",4,"3.252 (EOU: 0.609, LLM: 2.464, TTS: 0.179)",3.252,0.609,2.464,0.179
2885,"Oct 27, 10:51 AM","Oct 27, 10:53 AM",5,"2.279 (EOU: 0.601, LLM: 1.431, TTS: 0.246)",2.279,0.601,1.431,0.246
2885,"Oct 27, 10:51 AM","Oct 27, 10:53 AM",6,"2.606 (EOU: 0.604, LLM: 1.823, TTS: 0.179)",2.606,0.604,1.823,0.179
2885,"Oct 27, 10:51 AM","Oct 27, 10:53 AM",7,"3.852 (EOU: 0.601, LLM: 3.076, TTS: 0.175)",3.852,0.601,3.076,0.175
2885,"Oct 27, 10:51 AM","Oct 27, 10:53 AM",8,"4.600 (EOU: 0.603, LLM: 3.804, TTS: 0.193)",4.6,0.603,3.804,0.193
2885,"Oct 27, 10:51 AM","Oct 27, 10:53 AM",9,"2.297 (EOU: 0.591, LLM: 1.501, TTS: 0.205)",2.297,0.591,1.501,0.205
2885,"Oct 27, 10:51 AM","Oct 27, 10:53 AM",10,"1.931 (EOU: 0.602, LLM: 1.146, TTS: 0.183)",1.931,0.602,1.146,0.183
2885,"Oct 27, 10:51 AM","Oct 27, 10:53 AM",11,"4.215 (EOU: 3.000, LLM: 0.997, TTS: 0.217)",4.215,3.0,0.997,0.217
2885,"Oct 27, 10:51 AM","Oct 27, 10:53 AM",12,"3.252 (EOU: 0.609, LLM: 2.464, TTS: 0.179)",3.252,0.609,2.464,0.179
2885,"Oct 27, 10:51 AM","Oct 27, 10:53 AM",13,"2.279 (EOU: 0.601, LLM: 1.431, TTS: 0.246)",2.279,0.601,1.431,0.246
2885,"Oct 27, 10:51 AM","Oct 27, 10:53 AM",14,"2.606 (EOU: 0.604, LLM: 1.823, TTS: 0.179)",2.606,0.604,1.823,0.179
2885,"Oct 27, 10:51 AM","Oct 27, 10:53 AM",15,"3.852 (EOU: 0.601, LLM: 3.076, TTS: 0.175)",3.852,0.601,3.076,0.175
2885,"Oct 27, 10:51 AM","Oct 27, 10:53 AM",16,"4.600 (EOU: 0.603, LLM: 3.804, TTS: 0.193)",4.6,0.603,3.804,0.193
2879,"Oct 27, 9:33 AM","Oct 27, 9:34 AM",1,"4.827 (EOU: 0.595, LLM: 4.023, TTS: 0.209)",4.827,0.595,4.023,0.209
2879,"Oct 27, 9:33 AM","Oct 27, 9:34 AM",2,"3.238 (EOU: 0.620, LLM: 2.446, TTS: 0.173)",3.238,0.62,2.446,0.173
2879,"Oct 27, 9:33 AM","Oct 27, 9:34 AM",3,"3.362 (EOU: 0.620, LLM: 2.517, TTS: 0.225)",3.362,0.62,2.517,0.225
2879,"Oct 27, 9:33 AM","Oct 27, 9:34 AM",4,"3.264 (EOU: 0.605, LLM: 2.422, TTS: 0.237)",3.264,0.605,2.422,0.237
2869,"Oct 27, 8:44 AM","Oct 27, 8:47 AM",1,"2.223 (EOU: 0.630, LLM: 1.405, TTS: 0.187)",2.223,0.63,1.405,0.187
2869,"Oct 27, 8:44 AM","Oct 27, 8:47 AM",2,"1.842 (EOU: 0.594, LLM: 1.071, TTS: 0.177)",1.842,0.594,1.071,0.177
2869,"Oct 27, 8:44 AM","Oct 27, 8:47 AM",3,"3.601 (EOU: 0.599, LLM: 2.826, TTS: 0.176)",3.601,0.599,2.826,0.176
2869,"Oct 27, 8:44 AM","Oct 27, 8:47 AM",4,"2.332 (EOU: 0.606, LLM: 1.454, TTS: 0.272)",2.332,0.606,1.454,0.272
2869,"Oct 27, 8:44 AM","Oct 27, 8:47 AM",5,"2.610 (EOU: 0.623, LLM: 1.735, TTS: 0.251)",2.61,0.623,1.735,0.251
2869,"Oct 27, 8:44 AM","Oct 27, 8:47 AM",6,"2.223 (EOU: 0.630, LLM: 1.405, TTS: 0.187)",2.223,0.63,1.405,0.187
2869,"Oct 27, 8:44 AM","Oct 27, 8:47 AM",7,"1.842 (EOU: 0.594, LLM: 1.071, TTS: 0.177)",1.842,0.594,1.071,0.177
2869,"Oct 27, 8:44 AM","Oct 27, 8:47 AM",8,"3.601 (EOU: 0.599, LLM: 2.826, TTS: 0.176)",3.601,0.599,2.826,0.176
2869,"Oct 27, 8:44 AM","Oct 27, 8:47 AM",9,"2.332 (EOU: 0.606, LLM: 1.454, TTS: 0.272)",2.332,0.606,1.454,0.272
2869,"Oct 27, 8:44 AM","Oct 27, 8:47 AM",10,"2.610 (EOU: 0.623, LLM: 1.735, TTS: 0.251)",2.61,0.623,1.735,0.251
2868,"Oct 27, 8:19 AM","Oct 27, 8:24 AM",1,"2.148 (EOU: 0.605, LLM: 1.338, TTS: 0.205)",2.148,0.605,1.338,0.205
2868,"Oct 27, 8:19 AM","Oct 27, 8:24 AM",2,"2.588 (EOU: 0.601, LLM: 1.802, TTS: 0.186)",2.588,0.601,1.802,0.186
2868,"Oct 27, 8:19 AM","Oct 27, 8:24 AM",3,"5.245 (EOU: 3.001, LLM: 2.060, TTS: 0.184)",5.245,3.001,2.06,0.184
2868,"Oct 27, 8:19 AM","Oct 27, 8:24 AM",4,"2.269 (EOU: 0.605, LLM: 1.466, TTS: 0.198)",2.269,0.605,1.466,0.198
2868,"Oct 27, 8:19 AM","Oct 27, 8:24 AM",5,"2.117 (EOU: 0.607, LLM: 1.342, TTS: 0.168)",2.117,0.607,1.342,0.168
2868,"Oct 27, 8:19 AM","Oct 27, 8:24 AM",6,"1.985 (EOU: 0.612, LLM: 1.143, TTS: 0.230)",1.985,0.612,1.143,0.23
2868,"Oct 27, 8:19 AM","Oct 27, 8:24 AM",7,"2.172 (EOU: 0.620, LLM: 1.370, TTS: 0.183)",2.172,0.62,1.37,0.183
2868,"Oct 27, 8:19 AM","Oct 27, 8:24 AM",8,"1.813 (EOU: 0.604, LLM: 1.041, TTS: 0.169)",1.813,0.604,1.041,0.169
2868,"Oct 27, 8:19 AM","Oct 27, 8:24 AM",9,"2.489 (EOU: 0.609, LLM: 1.626, TTS: 0.254)",2.489,0.609,1.626,0.254
2868,"Oct 27, 8:19 AM","Oct 27, 8:24 AM",10,"2.989 (EOU: 0.678, LLM: 2.128, TTS: 0.184)",2.989,0.678,2.128,0.184
2868,"Oct 27, 8:19 AM","Oct 27, 8:24 AM",11,"2.467 (EOU: 0.608, LLM: 1.596, TTS: 0.262)",2.467,0.608,1.596,0.262
2868,"Oct 27, 8:19 AM","Oct 27, 8:24 AM",12,"1.898 (EOU: 0.609, LLM: 1.113, TTS: 0.176)",1.898,0.609,1.113,0.176
2868,"Oct 27, 8:19 AM","Oct 27, 8:24 AM",13,"2.304 (EOU: 0.611, LLM: 1.497, TTS: 0.196)",2.304,0.611,1.497,0.196
2862,"Oct 27, 7:58 AM","Oct 27, 7:59 AM",1,"2.526 (EOU: 0.591, LLM: 1.739, TTS: 0.196)",2.526,0.591,1.739,0.196
2862,"Oct 27, 7:58 AM","Oct 27, 7:59 AM",2,"2.199 (EOU: 0.600, LLM: 1.427, TTS: 0.172)",2.199,0.6,1.427,0.172
2861,"Oct 27, 7:46 AM","Oct 27, 7:47 AM",1,"2.080 (EOU: 0.596, LLM: 1.204, TTS: 0.279)",2.08,0.596,1.204,0.279
2861,"Oct 27, 7:46 AM","Oct 27, 7:47 AM",2,"2.080 (EOU: 0.596, LLM: 1.204, TTS: 0.279)",2.08,0.596,1.204,0.279
2418,"Oct 16, 12:28 PM","Oct 16, 12:31 PM",1,"2.147 (EOU: 0.604, LLM: 1.373, TTS: 0.169)",2.147,0.604,1.373,0.169
2418,"Oct 16, 12:28 PM","Oct 16, 12:31 PM",2,"1.856 (EOU: 0.617, LLM: 1.045, TTS: 0.194)",1.856,0.617,1.045,0.194
2418,"Oct 16, 12:28 PM","Oct 16, 12:31 PM",3,"2.863 (EOU: 0.625, LLM: 2.041, TTS: 0.196)",2.863,0.625,2.041,0.196
2418,"Oct 16, 12:28 PM","Oct 16, 12:31 PM",4,"2.137 (EOU: 0.647, LLM: 1.307, TTS: 0.184)",2.137,0.647,1.307,0.184
2418,"Oct 16, 12:28 PM","Oct 16, 12:31 PM",5,"2.336 (EOU: 0.678, LLM: 1.470, TTS: 0.188)",2.336,0.678,1.47,0.188
2418,"Oct 16, 12:28 PM","Oct 16, 12:31 PM",6,"2.885 (EOU: 0.663, LLM: 2.059, TTS: 0.163)",2.885,0.663,2.059,0.163
2418,"Oct 16, 12:28 PM","Oct 16, 12:31 PM",7,"1.876 (EOU: 0.678, LLM: 1.002, TTS: 0.196)",1.876,0.678,1.002,0.196
2418,"Oct 16, 12:28 PM","Oct 16, 12:31 PM",8,"1.969 (EOU: 0.631, LLM: 1.162, TTS: 0.176)",1.969,0.631,1.162,0.176
2418,"Oct 16, 12:28 PM","Oct 16, 12:31 PM",9,"2.157 (EOU: 0.659, LLM: 1.242, TTS: 0.256)",2.157,0.659,1.242,0.256
2418,"Oct 16, 12:28 PM","Oct 16, 12:31 PM",10,"3.511 (EOU: 0.644, LLM: 2.370, TTS: 0.497)",3.511,0.644,2.37,0.497
2418,"Oct 16, 12:28 PM","Oct 16, 12:31 PM",11,"2.586 (EOU: 0.644, LLM: 1.725, TTS: 0.217)",2.586,0.644,1.725,0.217
2418,"Oct 16, 12:28 PM","Oct 16, 12:31 PM",12,"3.274 (EOU: 0.672, LLM: 2.412, TTS: 0.189)",3.274,0.672,2.412,0.189
2402,"Oct 16, 11:51 AM","Oct 16, 11:51 AM",1,"1.847 (EOU: 0.616, LLM: 1.061, TTS: 0.170)",1.847,0.616,1.061,0.17
2402,"Oct 16, 11:51 AM","Oct 16, 11:51 AM",2,"1.847 (EOU: 0.616, LLM: 1.061, TTS: 0.170)",1.847,0.616,1.061,0.17
2394,"Oct 16, 11:30 AM","Oct 16, 11:33 AM",1,"1.886 (EOU: 0.619, LLM: 1.104, TTS: 0.163)",1.886,0.619,1.104,0.163
2394,"Oct 16, 11:30 AM","Oct 16, 11:33 AM",2,"2.623 (EOU: 0.647, LLM: 1.810, TTS: 0.167)",2.623,0.647,1.81,0.167
2394,"Oct 16, 11:30 AM","Oct 16, 11:33 AM",3,"2.280 (EOU: 0.704, LLM: 1.415, TTS: 0.162)",2.28,0.704,1.415,0.162
2394,"Oct 16, 11:30 AM","Oct 16, 11:33 AM",4,"4.918 (EOU: 3.001, LLM: 1.715, TTS: 0.203)",4.918,3.001,1.715,0.203
2394,"Oct 16, 11:30 AM","Oct 16, 11:33 AM",5,"1.793 (EOU: 0.671, LLM: 0.948, TTS: 0.174)",1.793,0.671,0.948,0.174
2394,"Oct 16, 11:30 AM","Oct 16, 11:33 AM",6,"4.238 (EOU: 3.000, LLM: 1.053, TTS: 0.185)",4.238,3.0,1.053,0.185
2394,"Oct 16, 11:30 AM","Oct 16, 11:33 AM",7,"5.933 (EOU: 3.000, LLM: 2.759, TTS: 0.174)",5.933,3.0,2.759,0.174
2394,"Oct 16, 11:30 AM","Oct 16, 11:33 AM",8,"2.273 (EOU: 0.662, LLM: 1.417, TTS: 0.195)",2.273,0.662,1.417,0.195
2394,"Oct 16, 11:30 AM","Oct 16, 11:33 AM",9,"1.886 (EOU: 0.619, LLM: 1.104, TTS: 0.163)",1.886,0.619,1.104,0.163
2394,"Oct 16, 11:30 AM","Oct 16, 11:33 AM",10,"2.623 (EOU: 0.647, LLM: 1.810, TTS: 0.167)",2.623,0.647,1.81,0.167
2394,"Oct 16, 11:30 AM","Oct 16, 11:33 AM",11,"2.280 (EOU: 0.704, LLM: 1.415, TTS: 0.162)",2.28,0.704,1.415,0.162
2394,"Oct 16, 11:30 AM","Oct 16, 11:33 AM",12,"4.918 (EOU: 3.001, LLM: 1.715, TTS: 0.203)",4.918,3.001,1.715,0.203
2394,"Oct 16, 11:30 AM","Oct 16, 11:33 AM",13,"1.793 (EOU: 0.671, LLM: 0.948, TTS: 0.174)",1.793,0.671,0.948,0.174
2394,"Oct 16, 11:30 AM","Oct 16, 11:33 AM",14,"4.238 (EOU: 3.000, LLM: 1.053, TTS: 0.185)",4.238,3.0,1.053,0.185
2394,"Oct 16, 11:30 AM","Oct 16, 11:33 AM",15,"5.933 (EOU: 3.000, LLM: 2.759, TTS: 0.174)",5.933,3.0,2.759,0.174
2394,"Oct 16, 11:30 AM","Oct 16, 11:33 AM",16,"2.273 (EOU: 0.662, LLM: 1.417, TTS: 0.195)",2.273,0.662,1.417,0.195
2391,"Oct 16, 11:24 AM","Oct 16, 11:25 AM",1,"2.198 (EOU: 0.604, LLM: 1.433, TTS: 0.161)",2.198,0.604,1.433,0.161
2382,"Oct 16, 10:53 AM","Oct 16, 10:54 AM",1,"2.045 (EOU: 0.613, LLM: 1.270, TTS: 0.163)",2.045,0.613,1.27,0.163
2382,"Oct 16, 10:53 AM","Oct 16, 10:54 AM",2,"2.045 (EOU: 0.613, LLM: 1.270, TTS: 0.163)",2.045,0.613,1.27,0.163
